Id,Predicted
31715,1586.8712
31716,2238.6394
31717,2095.9246
31718,1024.3792
31719,2669.5017
31720,2881.7695
31721,2189.2207
31722,2905.5415
31723,2507.2087
31724,4283.308
31725,2370.3352
31726,1741.1467
31727,2415.1123
31728,2406.4868
31729,2269.1897
31730,2695.3015
31731,4867.707
31732,1706.3735
31733,5277.308
31734,3341.5903
31735,3230.0276
31736,2451.025
31737,1361.0801
31738,2457.8071
31739,3034.4924
31740,4490.053
31741,2717.4402
31742,1433.2003
31743,1225.8422
31744,5604.0024
31745,1758.2977
31746,2991.6404
31747,1808.4015
31748,2407.4915
31749,3884.0618
31750,4393.7446
31751,2596.6516
31752,4118.361
31753,1951.4811
31754,2453.0754
31755,4658.272
31756,1562.0203
31757,1698.5968
31758,3490.7632
31759,2082.1487
31760,2835.9895
31761,2656.0146
31762,4398.3784
31763,3540.9731
31764,3601.733
31765,3204.4172
31766,3096.4722
31767,1822.48
31768,2515.4773
31769,3326.841
31770,1935.6871
31771,3569.2805
31772,1781.5587
31773,1210.6427
31774,1718.8127
31775,3016.9688
31776,2068.2075
31777,4452.6
31778,2888.9312
31779,2023.9879
31780,1853.5117
31781,3713.1887
31782,1739.1462
31783,3436.351
31784,2936.9788
31785,3611.8042
31786,3013.2944
31787,2504.3035
31788,3368.0464
31789,2646.9163
31790,1596.7482
31791,2162.0645
31792,2539.6897
31793,2436.5498
31794,2175.3472
31795,3355.2966
31796,2181.223
31797,4055.825
31798,2988.1133
31799,2824.345
31800,2822.423
31801,2418.8645
31802,3742.0334
31803,2554.5513
31804,3296.4214
31805,4485.0903
31806,3642.0715
31807,1203.851
31808,5058.9497
31809,2067.4065
31810,2058.6504
31811,1239.1089
31812,1630.9716
31813,3259.767
31814,1576.9335
31815,951.4963
31816,2958.5203
31817,3400.9224
31818,2458.113
31819,1922.556
31820,2878.6653
31821,4350.851
31822,2613.085
31823,878.91736
31824,1223.385
31825,3851.2324
31826,1774.2317
31827,2604.7385
31828,3015.216
31829,949.90137
31830,2248.5535
31831,2342.46
31832,2462.5198
31833,2498.246
31834,4464.658
31835,2648.7612
31836,1618.5299
31837,7422.5938
31838,4921.1797
31839,3704.8838
31840,2629.851
31841,2429.4895
31842,5548.5244
31843,1112.4838
31844,2767.9504
31845,2213.116
31846,5023.785
31847,6456.0723
31848,2361.0662
31849,4277.1675
31850,2216.5974
31851,2716.9033
31852,2744.8826
31853,1690.0068
31854,2222.2222
31855,2774.111
31856,1936.8971
31857,1662.7355
31858,4619.8633
31859,2256.9587
31860,3781.917
31861,3685.634
31862,1869.6472
31863,3224.4397
31864,1585.0251
31865,3023.0686
31866,953.161
31867,2140.2356
31868,1725.3326
31869,1301.0327
31870,2670.9658
31871,1812.9215
31872,1697.3733
31873,1881.3497
31874,4183.863
31875,1666.3524
31876,2933.51
31877,2043.1085
31878,3886.4097
31879,3804.0183
31880,2227.1108
31881,2395.6406
31882,1217.1022
31883,2616.7048
31884,3397.6501
31885,5393.233
31886,2032.5447
31887,1400.915
31888,2655.5044
31889,3463.8784
31890,4594.3247
31891,2847.2869
31892,1047.9624
31893,2318.429
31894,2897.1633
31895,2195.159
31896,2089.9194
31897,1831.7605
31898,2061.8574
31899,5737.528
31900,6171.542
31901,3029.4702
31902,1450.5074
31903,2915.8904
31904,2808.3179
31905,4149.1455
31906,1735.4137
31907,2573.3796
31908,2781.3472
31909,2635.8894
31910,2327.2322
31911,5708.258
31912,2906.7578
31913,2130.0757
31914,4132.923
31915,3609.5227
31916,3451.9536
31917,2822.2483
31918,2179.9075
31919,4622.1567
31920,2883.9482
31921,4628.7197
31922,2041.4124
31923,1191.7559
31924,6038.456
31925,2259.1472
31926,3598.2
31927,2768.9893
31928,1758.6293
31929,2430.8936
31930,3405.2717
31931,3688.606
31932,2452.1738
31933,1538.4052
31934,2500.1304
31935,1776.3221
31936,1735.1227
31937,2703.376
31938,2579.2266
31939,4792.882
31940,2009.2799
31941,6670.2075
31942,2310.9778
31943,3647.3027
31944,1886.7614
31945,2598.6082
31946,4603.176
31947,2870.6704
31948,2003.2943
31949,5230.477
31950,2405.3652
31951,2453.8518
31952,2154.7488
31953,4011.5906
31954,2974.3425
31955,1940.1361
31956,2671.1658
31957,2022.9298
31958,1592.765
31959,2225.4626
31960,7046.799
31961,1614.442
31962,1740.2867
31963,2657.9717
31964,3595.6765
31965,2369.1177
31966,2737.5837
31967,1496.0475
31968,3731.2388
31969,1627.515
31970,2441.406
31971,3022.7498
31972,5011.7207
31973,1511.2461
31974,2739.809
31975,4622.616
31976,4470.172
31977,3735.209
31978,3205.5579
31979,3463.5244
31980,1095.7428
31981,3633.8376
31982,1045.9055
31983,2118.4795
31984,4815.117
31985,4200.7373
31986,2882.508
31987,2349.8381
31988,2299.005
31989,2278.607
31990,2577.4998
31991,1388.305
31992,5198.865
31993,2539.1838
31994,2572.1152
31995,2285.79
31996,2590.1326
31997,3040.066
31998,1948.3926
31999,1339.1228
32000,1986.322
32001,2659.6125
32002,2415.3206
32003,3217.178
32004,1543.9891
32005,2395.2908
32006,4361.408
32007,3373.8687
32008,3593.1187
32009,2587.275
32010,2169.8982
32011,4400.7163
32012,2489.7058
32013,2511.2212
32014,1398.5344
32015,1544.3424
32016,3152.8574
32017,2180.0059
32018,3554.783
32019,5248.934
32020,3708.3862
32021,5051.9507
32022,2001.9263
32023,2970.8176
32024,4283.183
32025,4532.817
32026,1283.3518
32027,3160.2788
32028,2069.4229
32029,3671.4316
32030,2371.78
32031,1709.4485
32032,4085.923
32033,3530.2473
32034,1922.298
32035,2298.8994
32036,2359.2493
32037,2650.8918
32038,2863.9133
32039,3031.3735
32040,5912.068
32041,2813.3384
32042,3745.1414
32043,5891.695
32044,4467.561
32045,3136.634
32046,3736.7903
32047,1846.656
32048,4749.6294
32049,4475.184
32050,2410.945
32051,1983.8413
32052,2680.299
32053,2356.7515
32054,3641.4668
32055,2351.622
32056,1517.3387
32057,4806.197
32058,3439.6143
32059,1723.461
32060,2896.885
32061,6678.4116
32062,2812.8337
32063,1969.7863
32064,2358.1855
32065,1845.9911
32066,2072.7217
32067,1189.3489
32068,2334.8223
32069,1737.5079
32070,6140.141
32071,2690.2043
32072,2606.1702
32073,5925.8086
32074,1953.9537
32075,1851.5035
32076,5678.71
32077,2527.5898
32078,1165.0886
32079,1738.5988
32080,3711.282
32081,2549.7104
32082,2406.9866
32083,2682.2883
32084,1229.0894
32085,4319.662
32086,1606.0929
32087,4176.474
32088,1877.561
32089,4895.9404
32090,2701.8164
32091,4475.207
32092,967.14496
32093,5045.4067
32094,1695.8467
32095,1907.5275
32096,3552.5364
32097,3445.7585
32098,1637.283
32099,1748.5742
32100,2615.636
32101,1810.6705
32102,3562.5012
32103,2705.1257
32104,1610.5573
32105,3036.16
32106,2441.4756
32107,4661.2812
32108,2636.5862
32109,2114.7554
32110,3101.869
32111,5618.242
32112,2282.5957
32113,3070.1074
32114,4109.377
32115,3843.578
32116,811.37976
32117,5656.751
32118,1649.9028
32119,3819.853
32120,3286.1692
32121,3621.9622
32122,705.99445
32123,1898.7847
32124,4220.9404
32125,6057.094
32126,1819.381
32127,1246.1387
32128,3346.7546
32129,3121.83
32130,2981.2097
32131,3471.866
32132,1849.8933
32133,5804.3306
32134,3224.4575
32135,2495.001
32136,3505.0403
32137,4297.3926
32138,2591.074
32139,4177.0728
32140,3830.978
32141,5411.169
32142,1133.6569
32143,1853.5608
32144,2780.2822
32145,4399.14
32146,3865.2563
32147,5808.4473
32148,3103.111
32149,1839.3566
32150,2883.1416
32151,2687.207
32152,3356.1409
32153,1772.7443
32154,3235.6519
32155,1934.3624
32156,1930.4565
32157,2477.4207
32158,2669.218
32159,2004.1664
32160,2461.6145
32161,3125.8237
32162,2686.686
32163,2254.001
32164,3440.3015
32165,3546.3066
32166,3209.9575
32167,2510.7532
32168,4179.5596
32169,5177.6396
32170,2170.8687
32171,3279.4343
32172,3822.23
32173,4754.9795
32174,3649.4304
32175,1619.5115
32176,1700.1494
32177,2936.1223
32178,3514.5818
32179,1362.5956
32180,3950.2974
32181,1747.1179
32182,3325.646
32183,2761.8665
32184,1977.9209
32185,1755.2383
32186,2592.8286
32187,1891.8159
32188,2710.7795
32189,2010.82
32190,3373.9382
32191,2121.293
32192,2233.3247
32193,2796.0159
32194,2032.8223
32195,1472.1094
32196,3725.4165
32197,3404.3425
32198,5882.865
32199,4664.452
32200,2605.7297
32201,987.52515
32202,2520.25
32203,2102.4136
32204,1307.2175
32205,1170.5845
32206,2574.6506
32207,2208.7905
32208,3533.5283
32209,2472.017
32210,1726.8728
32211,3255.3862
32212,2244.184
32213,5149.692
32214,2604.9536
32215,4086.029
32216,4998.918
32217,6911.358
32218,1440.0018
32219,3780.8494
32220,2796.0864
32221,6044.586
32222,2222.8772
32223,2662.8022
32224,3327.4275
32225,4922.5317
32226,3703.499
32227,2919.4902
32228,1807.5096
32229,2499.0972
32230,4981.805
32231,1740.7498
32232,1700.0764
32233,4084.4187
32234,3062.2092
32235,2851.5122
32236,2554.8577
32237,2240.4336
32238,1970.7158
32239,1679.3633
32240,1652.563
32241,2772.8574
32242,3960.762
32243,6025.0327
32244,1486.0057
32245,2649.4197
32246,5732.028
32247,2346.7605
32248,2593.4077
32249,2442.3047
32250,3388.597
32251,1512.5862
32252,2608.9912
32253,3585.374
32254,1325.4722
32255,2157.605
32256,1570.3601
32257,3243.1619
32258,4033.333
32259,1224.3287
32260,2464.7024
32261,2232.8208
32262,4939.5107
32263,3057.222
32264,1625.5377
32265,3900.2805
32266,1848.666
32267,3064.015
32268,7173.0938
32269,2682.5898
32270,3046.8196
32271,2032.8257
32272,2093.5776
32273,3428.1682
32274,5864.8257
32275,5184.0063
32276,3229.161
32277,2678.5784
32278,2014.5142
32279,2854.2622
32280,2557.261
32281,3382.936
32282,5816.056
32283,898.75726
32284,3827.2056
32285,2189.98
32286,2066.9285
32287,2802.2659
32288,2257.1138
32289,2885.2139
32290,4923.0083
32291,1315.4503
32292,5443.9204
32293,1834.4167
32294,1153.904
32295,3262.5532
32296,1534.4644
32297,1126.0681
32298,2750.739
32299,810.42816
32300,3127.9583
32301,4566.981
32302,1660.9878
32303,4207.0693
32304,7271.7725
32305,2192.8928
32306,3725.3088
32307,2997.7896
32308,2990.0583
32309,2540.592
32310,4356.524
32311,6137.9863
32312,1790.6676
32313,3629.865
32314,2643.422
32315,2019.9521
32316,5605.1177
32317,4195.197
32318,2359.311
32319,5071.727
32320,2375.0537
32321,4413.46
32322,5537.321
32323,2146.4204
32324,3971.898
32325,1466.7385
32326,3921.0542
32327,3455.1865
32328,3780.878
32329,2964.225
32330,2506.865
32331,3485.5842
32332,3162.137
32333,4856.2046
32334,2833.7314
32335,2516.4495
32336,1606.5376
32337,2182.3254
32338,2736.548
32339,3744.9949
32340,3989.4783
32341,3560.0493
32342,3650.1663
32343,1740.0062
32344,3105.165
32345,2685.709
32346,4090.5999
32347,4309.842
32348,3313.8376
32349,1324.23
32350,2334.3545
32351,1707.3905
32352,1898.9642
32353,4345.1323
32354,3409.597
32355,4048.889
32356,3271.3196
32357,1271.4386
32358,2462.6833
32359,3139.6892
32360,2797.5652
32361,1780.5789
32362,2766.66
32363,2126.744
32364,1913.4398
32365,2135.045
32366,4019.5227
32367,2755.2747
32368,3428.2285
32369,1068.3442
32370,4219.763
32371,4411.957
32372,4027.9626
32373,2000.4987
32374,4469.6484
32375,3124.6626
32376,4464.43
32377,1344.4581
32378,2554.246
32379,2396.3445
32380,5518.1426
32381,5220.9346
32382,1667.6982
32383,2574.0203
32384,5221.2847
32385,1639.4968
32386,2327.7769
32387,3103.3674
32388,4412.066
32389,1555.5317
32390,2077.6875
32391,1659.5764
32392,2154.6099
32393,1515.2908
32394,3835.0984
32395,2245.561
32396,1189.904
32397,4015.3254
32398,3536.5952
32399,2323.6414
32400,2352.506
32401,1861.3838
32402,2032.4987
32403,3970.045
32404,1333.5961
32405,2097.245
32406,2766.566
32407,3733.626
32408,3769.254
32409,2163.5525
32410,1473.7195
32411,1512.9264
32412,2860.6653
32413,1061.1572
32414,2110.1975
32415,3994.488
32416,8175.5513
32417,4417.531
32418,3420.6946
32419,3226.9822
32420,2318.8123
32421,3783.7878
32422,2092.6829
32423,2776.5762
32424,2167.2915
32425,2878.5408
32426,1324.658
32427,2541.408
32428,2726.471
32429,5691.673
32430,2271.9856
32431,3214.668
32432,2706.3118
32433,2375.0977
32434,3309.968
32435,2100.7148
32436,3671.593
32437,2646.0803
32438,3577.0095
32439,2455.3774
32440,3736.35
32441,4512.934
32442,1338.5118
32443,7748.6045
32444,2932.6143
32445,5390.3022
32446,3113.845
32447,1672.7096
32448,4237.9443
32449,2000.2609
32450,5128.6543
32451,3173.496
32452,4503.7056
32453,1605.499
32454,1540.1647
32455,3187.4114
32456,2369.8005
32457,2646.5835
32458,1373.9829
32459,1809.2845
32460,879.22394
32461,3335.904
32462,2387.1106
32463,1330.0455
32464,2280.6848
32465,6629.8677
32467,2766.4932
32468,2130.2488
32469,2692.4617
32470,4186.239
32471,3035.2495
32472,1707.4406
32473,2021.6334
32474,3862.2336
32475,6157.1255
32476,1718.244
32477,1580.3849
32478,3714.8096
32479,3065.9907
32480,1308.8429
32481,3105.6064
32482,2217.0007
32483,3275.1445
32484,3197.2449
32485,2067.1406
32486,3596.1433
32487,4866.348
32488,2133.0554
32489,3391.3164
32490,1800.0469
32491,2683.013
32492,5999.0674
32493,2524.066
32494,3085.5288
32495,2302.1853
32496,2635.1418
32497,1684.4014
32498,1660.7682
32499,2269.3037
32500,1032.0072
32501,3860.8782
32502,3682.1963
32503,3135.857
32504,2944.3696
32505,3183.2815
32506,2197.0842
32507,857.4348
32508,2124.0757
32509,2885.7678
32510,1920.515
32511,3254.1624
32512,3576.9421
32513,1803.2008
32514,2626.4019
32515,1512.0917
32516,5095.379
32517,3148.0208
32518,2734.8447
32519,2362.4763
32520,2491.9817
32521,4499.7573
32522,1218.1698
32523,2533.5164
32524,2443.3096
32525,2395.207
32526,2513.9512
32527,4264.138
32528,2398.5962
32529,3461.0957
32530,2449.1072
32531,1786.3909
32532,1690.2654
32533,2012.8125
32534,1532.7933
32535,5263.5127
32536,1798.6301
32537,3689.4797
32538,5206.1978
32539,1739.6368
32540,2701.6084
32541,3633.8882
32542,1367.2118
32543,4712.021
32544,2911.156
32545,3558.4756
32546,2424.636
32547,2239.8616
32548,4706.0835
32549,5407.0884
32550,1442.5248
32551,3986.533
32552,2369.1113
32553,2016.1155
32554,2377.851
32555,2978.8928
32556,4152.6533
32557,3186.548
32558,1714.64
32559,2517.0576
32560,3315.6667
32561,5278.8867
32562,1569.4708
32563,1508.492
32564,2191.7805
32565,4405.513
32566,1894.9586
32567,2619.0386
32568,2219.9292
32569,3612.0037
32570,2250.5044
32571,6634.621
32572,5792.015
32573,2415.1675
32574,2140.3943
32575,3667.5571
32576,1480.3367
32577,3867.6453
32578,5843.3003
32579,930.50446
32580,2470.511
32581,4493.115
32582,3483.8289
32583,1368.0466
32584,2636.4092
32585,1822.8877
32586,4914.814
32587,2881.7393
32588,1941.1786
32589,2105.5217
32590,1959.7434
32591,4998.3257
32592,2391.5576
32593,2429.8901
32594,2248.9832
32595,2214.934
32596,4929.9775
32597,3859.851
32598,4945.9927
32599,4065.7808
32600,1883.3969
32601,1105.359
32602,3261.385
32603,5349.346
32604,3658.4775
32605,7469.872
32606,2405.059
32607,2408.8508
32608,1815.2238
32609,2587.0027
32610,2188.1357
32611,3349.4148
32612,2139.7273
32613,3426.0461
32614,2050.769
32615,2222.4756
32616,3251.1116
32617,2934.8413
32618,3973.379
32619,3091.8909
32620,2593.2944
32621,3264.8801
32622,2802.1284
32623,3545.4148
32624,2722.6294
32625,1667.7659
32626,1487.4774
32627,2243.2551
32628,1871.2365
32629,2205.2524
32630,3930.0532
32631,1641.9363
32632,2126.4905
32633,6544.0522
32634,3078.598
32635,1377.0632
32636,4655.4404
32637,1921.1622
32638,2988.2566
32639,2100.371
32640,5298.649
32641,4478.6797
32642,2817.5261
32643,2271.775
32644,1725.5289
32645,4504.1025
32646,4508.7427
32647,936.5506
32648,3469.3523
32649,1701.1117
32650,21133.594
32651,1788.2
32652,3585.2898
32653,2897.6694
32654,3123.2458
32655,1823.8926
32656,2041.2584
32657,6499.064
32658,2944.9023
32659,2886.0278
32660,2314.4023
32661,3313.5115
32662,2314.563
32663,2471.5583
32664,5406.487
32665,2853.8232
32666,2868.481
32667,4857.155
32668,2365.0908
32669,4164.703
32670,1893.8638
32671,3277.9841
32672,1896.0294
32673,2879.1575
32674,1504.451
32675,2957.1826
32676,2605.3381
32677,1537.1582
32678,3440.8474
32679,1338.562
32680,2788.0303
32681,2511.5771
32682,2138.2725
32683,3794.6333
32684,5053.223
32685,2445.4402
32686,2564.7964
32687,4225.509
32688,2053.49
32689,2125.3103
32690,2511.3833
32691,4770.6606
32692,1541.4583
32693,2782.2173
32694,2004.8217
32695,2308.3042
32696,1757.4465
32697,5214.5625
32698,1912.92
32699,2496.7214
32700,2510.4
32701,2897.3623
32702,1843.2441
32703,1964.3065
32704,11441.765
32705,1739.1716
32706,2650.7136
32707,6829.2393
32708,3124.8306
32709,2785.7864
32710,2692.48
32711,3314.286
32712,3965.3525
32713,2960.3687
32714,2884.7786
32715,2671.922
32716,3181.7803
32717,4247.3735
32718,2986.0203
32719,4240.376
32720,1369.3682
32721,2459.5796
32722,1790.1031
32723,2297.3853
32724,1928.1337
32725,4886.05
32726,3226.5525
32727,1870.2607
32728,4172.1626
32729,1529.699
32730,2014.0771
32731,1886.9309
32732,1665.1747
32733,5554.8765
32734,2466.3823
32735,4956.5737
32736,2315.18
32737,2919.2227
32738,1841.3776
32739,2954.2107
32740,3209.261
32741,4069.7568
32742,1263.7365
32743,2060.5283
32744,3963.9578
32745,2318.7856
32746,1359.6316
32747,2506.5813
32748,1670.6267
32749,1294.2908
32750,3130.4424
32751,4330.9585
32752,4289.033
32753,1474.2699
32754,2695.0186
32755,2008.4966
32756,4229.088
32757,4321.231
32758,2577.1755
32759,3753.4915
32760,3853.084
32761,4650.77
32762,3666.4792
32763,2393.791
32764,2710.141
32765,2258.0315
32766,1606.1019
32767,5529.2085
32768,1474.9376
32769,5748.448
32770,2003.363
32771,2275.3948
32772,2747.8987
32773,2970.6218
32774,3021.9849
32775,1279.4984
32776,4098.896
32777,1745.449
32778,1466.227
32779,3254.8088
32780,3287.8752
32781,4051.205
32782,3617.374
32783,5455.3193
32784,2622.5754
32785,3322.6323
32786,5601.6978
32787,1914.2336
32788,4754.9844
32789,3271.5874
32790,2211.1182
32791,3619.9482
32792,3018.0205
32793,3145.3257
32794,4651.9165
32795,2454.914
32796,2255.811
32797,1368.9069
32798,1651.4451
32799,4270.227
32800,1884.8926
32801,2850.429
32802,2368.8784
32803,1067.1166
32804,3478.622
32805,1990.8778
32806,7346.6895
32807,4812.654
32808,4241.703
32809,6899.6064
32810,1364.9779
32811,2615.105
32812,4985.6665
32813,2949.0723
32814,4128.3003
32815,3687.9294
32816,3144.0461
32817,4879.2905
32818,3746.5117
32819,2527.9573
32820,6120.0493
32821,2775.314
32822,3681.4885
32823,3510.6863
32824,1032.0891
32825,3243.942
32826,2527.182
32827,1630.1465
32828,2531.787
32829,3609.4746
32830,1972.4484
32831,1173.7449
32832,1534.6978
32833,2998.272
32834,3601.533
32835,3785.932
32836,1740.3666
32837,1303.4285
32838,3936.4531
32839,1659.6293
32840,2372.176
32841,3184.8318
32842,2070.8396
32843,3032.582
32844,1964.8751
32845,4543.5835
32846,2377.2617
32847,4628.5713
32848,2542.88
32849,5428.34
32850,2480.9487
32851,1524.1783
32852,3034.7666
32853,3334.1272
32854,3571.6477
32855,3997.538
32856,2246.8516
32857,2017.9304
32858,5065.6787
32859,2531.006
32860,1547.8599
32861,2227.9368
32862,4387.639
32863,5235.82
32864,1328.3163
32865,2006.5931
32866,1723.51
32868,1822.5126
32869,1148.878
32870,2694.372
32871,2912.9749
32872,3526.1174
32873,1807.2739
32874,4184.4717
32875,2786.5195
32876,1470.5424
32877,5315.8613
32878,2290.6506
32879,3010.821
32880,1908.0975
32881,3429.6501
32882,4063.4238
32883,2374.657
32884,2039.7734
32885,1847.7086
32886,5697.69
32887,4064.7144
32888,4914.831
32889,4987.2793
32890,2508.0596
32891,3804.067
32892,3133.436
32893,2653.7942
32894,4391.013
32895,2474.128
32896,1323.1886
32897,1605.8068
32898,2125.9507
32899,3781.905
32900,3886.3767
32901,2552.0989
32902,4530.6475
32903,4820.4404
32904,5652.458
32905,1047.6012
32906,3541.9297
32907,1168.4011
32908,2590.877
32909,2226.7842
32910,3872.392
32911,4643.8267
32912,5282.5186
32913,1962.2035
32914,8800.586
32915,2439.9092
32916,3205.9185
32917,3223.5322
32918,2236.3872
32919,1843.4122
32920,3447.1917
32921,2140.1094
32922,3750.0085
32923,4806.4736
32924,5498.4375
32925,3146.5212
32926,3685.417
32927,2993.0947
32928,2838.063
32929,2678.1062
32930,2098.8933
32931,2036.7554
32932,1099.7748
32933,1255.3173
32934,2726.4863
32935,2458.3872
32936,988.5957
32937,1933.2373
32938,5321.666
32939,2990.4512
32940,2462.5737
32941,4925.594
32942,1543.137
32943,3247.5215
32944,2746.2793
32945,2788.2893
32946,1208.8328
32947,1504.4521
32948,2588.1797
32949,2523.6448
32950,1566.6864
32951,2605.8135
32952,4036.5718
32953,2248.0115
32954,3213.1792
32955,1826.3384
32956,3494.1575
32957,2350.169
32958,3989.0208
32959,2576.2124
32960,6722.104
32961,1896.6415
32962,1796.6562
32963,4405.602
32964,3512.2888
32965,1432.2075
32966,1475.1228
32967,2561.9353
32968,3354.978
32969,3398.8494
32970,2281.196
32971,3685.1743
32972,1592.1886
32973,2699.5947
32974,3142.7231
32975,1783.0378
32976,2162.442
32977,2508.8716
32978,4371.8457
32979,5976.619
32980,3289.6208
32981,3286.948
32982,1937.2532
32983,2544.8152
32984,2776.6587
32985,3094.0571
32986,2422.5737
32987,2762.6057
32988,1192.1207
32989,5029.0693
32990,5006.1323
32991,2831.0332
32992,3225.4229
32993,2879.4155
32994,1177.5177
32995,5317.0386
32996,1074.0477
32997,6045.0024
32998,1052.9017
32999,1559.6965
33000,3408.9204
33001,2471.849
33002,3663.9368
33003,1846.7025
33004,3265.2175
33005,2561.0037
33006,7236.7046
33007,1268.2596
33008,1826.7573
33009,4278.301
33010,3186.1047
33011,2729.0984
33012,2237.5786
33013,2608.3633
33014,2784.113
33015,3595.702
33016,3406.5354
33017,2680.4167
33018,2019.3813
33019,6233.8013
33020,1237.3741
33021,4608.154
33022,2163.4822
33023,3713.4128
33024,3803.0845
33025,1075.0015
33026,4036.962
33027,2706.2856
33028,4669.828
33029,2385.523
33030,2757.7896
33031,3490.844
33032,2641.9438
33033,4790.0786
33034,1780.9838
33035,1791.9933
33036,2738.3152
33037,2023.4784
33038,2438.6199
33039,2256.296
33040,3817.0396
33041,2332.1348
33042,3394.4922
33043,4069.4668
33044,3636.1743
33045,2051.57
33046,1480.1332
33047,3702.0837
33048,1611.0046
33049,6780.9443
33050,5493.039
33051,3456.197
33052,5290.678
33053,1653.0616
33054,1324.0438
33055,2191.6274
33056,3407.5542
33057,2536.8835
33058,3568.0115
33059,3002.9846
33060,4827.3013
33061,2167.074
33062,4911.043
33063,3693.791
33064,1705.3468
33065,2050.3315
33066,2427.1648
33067,1753.0038
33068,3555.0718
33069,2934.5308
33070,2615.2507
33071,3109.816
33072,1833.8562
33073,5356.0464
33074,4904.8027
33075,4677.5835
33076,2288.9124
33077,2863.7102
33078,610.3327
33079,4898.332
33080,3443.0244
33081,2235.0432
33082,1903.7334
33083,3289.9468
33084,1982.8483
33085,2977.8018
33086,1949.0413
33087,3286.6565
33088,5588.6055
33089,4511.573
33090,2685.9111
33091,1520.2538
33092,2418.3271
33093,2590.9526
33094,2385.4707
33095,3089.5771
33096,1932.5211
33097,2415.5952
33098,3120.8652
33099,2522.92
33100,1938.424
33101,4661.639
33102,2648.596
33103,2329.457
33104,3347.6523
33105,1752.8907
33106,2445.5076
33107,2841.4329
33108,3119.228
33109,2111.9805
33110,3605.6614
33111,3515.8274
33112,4611.992
33113,2145.7703
33114,1644.6051
33115,2198.9536
33116,1766.3331
33117,7211.0034
33118,1914.9679
33119,1086.3429
33120,5019.045
33121,3561.1687
33122,2064.722
33123,2613.863
33124,1396.5294
33125,1341.8539
33126,2835.5132
33127,1436.9238
33128,1688.9929
33129,1696.1385
33130,1239.9515
33131,2520.2495
33132,3493.1355
33133,1780.191
33134,3895.572
33135,2458.3438
33136,2485.7314
33137,4171.4434
33138,2859.4744
33139,3767.511
33140,2920.831
33141,1972.3788
33142,4131.7197
33143,3043.6572
33144,3269.9783
33145,2124.9556
33146,1770.1646
33148,1260.6973
33149,3319.6484
33150,2480.968
33151,4221.8438
33152,1950.0889
33153,1799.5084
33154,2663.1914
33155,2416.797
33156,1810.1523
33157,1935.8024
33158,2354.927
33159,2092.2498
33160,2267.6096
33161,3020.646
33162,1865.6932
33163,4007.5623
33164,3241.401
33165,1566.5685
33166,1669.3215
33167,2849.0784
33168,1779.7012
33169,2058.1743
33170,1839.1921
33171,2184.0974
33172,2089.1543
33173,3760.803
33174,2517.216
33175,3642.9614
33176,3338.8564
33177,1931.3904
33178,2435.7048
33179,4409.569
33180,1473.6221
33181,3000.0178
33182,7578.363
33183,1609.1356
33184,4813.87
33186,2515.7935
33187,1889.8256
33188,1344.5925
33189,3190.2222
33190,1553.3239
33191,1897.6194
33192,2153.3462
33193,1483.2742
33194,1243.5778
33195,2244.1885
33196,3835.0574
33197,1035.3615
33198,2552.8157
33199,2925.7466
33200,2992.4094
33201,1775.3789
33202,4288.089
33203,1792.962
33204,4208.9834
33205,2036.5682
33206,2139.5698
33207,2090.6191
33208,2501.5884
33209,2117.067
33210,2546.7927
33211,2030.1211
33212,2303.6436
33213,3696.5168
33214,2902.7986
33215,4807.251
33216,3003.3103
33217,1326.1115
33218,4946.245
33219,2115.5674
33220,4933.731
33221,2134.6826
33222,1913.8804
33223,2015.548
33224,3724.056
33225,2892.136
33226,5367.436
33227,4220.123
33228,1653.7427
33229,4197.12
33230,1570.0564
33231,2262.192
33232,2627.1323
33233,4104.2944
33234,1924.3224
33235,3908.089
33236,2185.54
33237,1465.1249
33238,6383.537
33239,5362.441
33240,2303.09
33241,1420.6627
33242,2930.989
33243,1217.1921
33244,5183.4185
33245,2354.089
33246,3290.308
33247,2805.602
33248,2481.7485
33249,3081.2915
33250,2691.4001
33251,3441.2817
33252,3065.5168
33253,2237.2585
33254,4133.006
33255,1558.3412
33256,1899.5065
33257,1467.5857
33258,3311.6272
33259,6667.1685
33260,1882.6823
33261,1055.5182
33262,2815.4717
33263,770.1896
33264,1531.1229
33265,3239.3247
33266,2237.5315
33267,3109.8145
33268,2995.5942
33269,4289.7134
33270,2060.3083
33271,1984.4067
33272,1870.3922
33273,3068.5496
33274,3092.5935
33275,3160.5337
33276,2853.2974
33277,1749.1261
33278,4117.0522
33279,1697.3519
33280,1080.0895
33281,1598.4476
33282,3657.507
33283,3033.595
33284,2921.9414
33285,2176.4797
33286,4933.816
33287,1747.0239
33288,2679.5303
33289,1436.4097
33290,3012.8015
33291,4835.6724
33292,1820.1716
33293,4431.585
33294,1867.5854
33295,4469.088
33296,3268.7341
33297,600.55255
33298,5851.619
33299,4188.9443
33300,2595.8848
33301,2225.4797
33302,1200.2437
33303,3244.6523
33304,2315.2551
33305,2165.1145
33306,3174.2488
33307,1621.1484
33308,2346.2761
33309,2478.607
33310,3515.926
33311,4267.4946
33312,2901.0225
33313,1996.6383
33314,2916.0066
33315,3124.926
33316,2611.6116
33317,3031.5754
33318,1026.1799
33319,3345.9792
33320,2233.451
33321,2282.6038
33322,2167.454
33323,5268.608
33324,2426.0251
33325,5297.767
33326,4234.557
33327,2767.8875
33328,1467.0795
33329,2472.6528
33330,1904.276
33331,2621.5667
33332,1698.5559
33333,4217.061
33334,4071.5215
33335,3135.6565
33336,1160.0021
33337,1418.1525
33338,1585.8569
33339,5621.54
33340,2858.9324
33341,2579.9358
33342,4249.8975
33343,5721.8667
33344,2146.6135
33345,1946.5461
33346,1435.2965
33347,3745.9976
33348,2715.0679
33349,3908.0732
33350,1226.0767
33351,2884.066
33352,2162.2927
33353,1727.2844
33354,1142.9977
33355,4301.7905
33356,2554.2668
33357,2962.7368
33358,3185.8787
33359,1279.0388
33360,3650.1272
33361,2871.543
33362,2598.585
33363,2177.483
33364,1716.3734
33365,2077.6248
33366,3215.1345
33367,1690.606
33368,922.0665
33369,3333.6448
33370,3981.248
33371,2291.4355
33372,4694.499
33373,2018.5308
33374,2404.8413
33375,2332.0884
33376,3378.7922
33377,4655.6406
33378,4033.551
33379,3181.4146
33380,2940.2947
33381,8321.859
33382,3368.0293
33383,4382.223
33384,2616.4897
33385,3336.1956
33386,3255.496
33387,4193.834
33388,4884.96
33389,2274.8418
33390,4329.684
33391,3788.0752
33392,3308.0425
33393,1881.2133
33394,1318.1874
33395,1718.3308
33396,2746.5898
33397,2645.2869
33398,1933.483
33399,5375.2915
33400,2047.0631
33401,2638.173
33402,3826.4592
33403,2488.1704
33404,1925.2737
33405,3473.4692
33406,4290.219
33407,3663.323
33408,2661.9043
33409,2558.2021
33410,2675.8691
33411,2663.7063
33412,2956.527
33413,2229.0
33414,4803.1465
33415,5091.1196
33416,5391.4507
33417,2695.9932
33418,2197.6614
33419,3653.762
33420,2314.824
33421,2775.7368
33422,1882.3381
33423,2539.966
33424,1628.7552
33425,1910.33
33426,3525.9004
33427,1683.5077
33428,1472.215
33429,3978.2957
33430,2144.3115
33431,1824.0834
33432,5336.5166
33433,3083.9749
33434,2670.2932
33435,1649.5352
33436,1914.4347
33437,1681.5873
33438,2511.4116
33439,2220.41
33440,2544.6687
33441,1671.0391
33442,1842.4662
33443,5014.8496
33444,4319.212
33445,4581.6196
33446,1675.1652
33447,2496.323
33448,1737.5907
33449,1273.3835
33450,3108.5789
33451,3590.9114
33452,1258.2693
33453,3565.772
33454,1640.357
33455,1698.5
33456,788.2914
33457,3782.933
33458,2504.6216
33459,2253.6343
33460,3350.5847
33461,3460.054
33462,4107.551
33463,2923.6643
33464,2512.3223
33465,2680.5823
33466,3397.3618
33467,2272.3762
33468,1821.5544
33469,1965.6221
33470,2293.5813
33471,3646.5312
33472,3251.9138
33473,4819.264
33474,6823.9106
33475,2468.2944
33476,2709.291
33477,1830.8401
33478,1512.2534
33479,2898.2722
33480,4001.4175
33481,3208.6106
33482,2021.7704
33483,2251.8372
33484,2112.7349
33485,8745.522
33486,4458.6807
33487,2206.5312
33488,3691.906
33489,2345.0444
33490,8101.8584
33491,2176.0466
33492,5224.0674
33493,4325.3867
33494,4952.885
33496,5798.931
33497,1422.5946
33498,2187.7207
33499,2664.1807
33500,3947.0564
33501,2395.2292
33502,2527.3745
33503,2283.0625
33504,3101.0425
33505,3730.5552
33506,3132.6714
33507,3715.3604
33508,5384.77
33509,5567.634
33510,2777.1235
33511,2074.5432
33512,3123.6582
33513,2304.0474
33514,2128.638
33515,1960.9987
33516,2127.1565
33517,2900.5012
33518,992.78577
33519,2644.3152
33520,2040.8551
33521,3303.9202
33522,2272.3777
33523,2838.6099
33524,6961.2954
33525,2305.396
33526,2762.6013
33527,2756.6912
33528,5072.3994
33529,2655.8457
33530,1822.7579
33531,3163.5422
33532,1456.1294
33533,2571.861
33534,3132.31
33535,1596.7025
33536,4361.386
33537,2702.7708
33538,2561.0273
33539,3157.4487
33540,3565.6733
33541,1595.2059
33542,1640.4148
33543,2064.171
33544,3944.9717
33545,5493.666
33546,4376.012
33547,5364.4253
33548,3312.0906
33549,2139.5486
33550,3478.5466
33551,2440.104
33552,3510.192
33553,1825.7671
33554,2021.5181
33555,3699.5776
33556,1834.9858
33557,1739.5369
33558,1948.3224
33559,2296.238
33560,3627.2786
33561,2853.7544
33562,1284.8257
33563,1558.8486
33564,1894.1815
33565,2955.921
33566,2520.8894
33567,2049.7432
33568,4034.1274
33569,1829.4701
33570,1996.7234
33571,3082.0537
33572,2203.9114
33573,3898.7537
33574,2990.1628
33575,3206.501
33576,2776.2493
33577,4330.1206
33578,3908.038
33579,3268.684
33580,2120.826
33581,2101.1885
33582,1305.5344
33583,3804.7163
33584,2761.5503
33585,2445.567
33586,1188.3285
33587,2698.1045
33588,2127.8699
33589,3129.0403
33590,3046.0667
33591,2138.7468
33592,2598.9834
33593,2798.9546
33594,2830.9976
33595,4083.201
33596,2295.238
33597,2537.1064
33598,1089.0464
33599,1991.3772
33600,2635.801
33601,4512.9175
33602,3157.4517
33603,2856.7498
33604,4610.706
33605,2028.5231
33606,1300.2574
33607,1903.4526
33608,1931.538
33609,1960.4924
33610,2507.2463
33611,2140.2705
33612,2000.8287
33613,1345.1564
33614,1161.5942
33615,2279.8208
33616,2752.4648
33617,2255.8643
33618,2865.096
33619,2129.424
33620,2380.1824
33621,1931.8615
33622,2149.7573
33623,5885.257
33624,1517.4625
33625,1552.9629
33626,2112.8997
33627,2549.6584
33628,1440.0026
33629,3088.844
33630,3113.8792
33631,1788.5321
33632,3248.477
33633,3244.98
33634,2872.5134
33635,3162.5615
33636,2048.3196
33637,3735.133
33638,2065.4277
33639,2349.3782
33640,2029.16
33641,2646.2834
33642,3940.7737
33643,3626.156
33644,2699.4058
33645,6436.1167
33646,2211.6465
33647,1050.3601
33648,1522.1002
33649,4261.7925
33650,3568.7168
33651,3266.8027
33652,2177.6228
33653,3724.64
33654,2572.9253
33655,4085.596
33656,3674.1978
33657,2069.169
33658,4925.252
33659,2679.8462
33660,8062.7646
33661,2717.135
33662,3462.8442
33663,1541.1387
33664,3226.2256
33665,2073.3105
33666,3100.0776
33667,1437.9445
33668,2167.3425
33669,2206.1973
33670,1431.7925
33671,2823.3586
33672,5486.3
33673,2570.3618
33674,1896.9031
33675,1814.2671
33676,3699.5054
33677,2226.3528
33678,993.6742
33679,1988.6803
33680,2672.6384
33681,3054.7913
33682,3436.9302
33683,3473.9739
33684,3611.7786
33685,4135.483
33686,4696.565
33687,2167.1611
33688,3570.2617
33689,5772.4805
33690,1945.0897
33691,3210.1155
33692,4788.3965
33693,1823.7832
33694,2846.5664
33695,2254.584
33696,3758.8806
33697,3126.266
33698,2441.178
33699,4622.0815
33700,1954.6818
33701,4159.409
33702,2639.108
33703,1655.3531
33704,2055.5657
33705,2831.7805
33706,1567.0295
33707,2049.6084
33708,4278.9756
33709,2979.1924
33710,1559.7521
33711,5041.052
33712,3508.6016
33713,2544.8296
33714,2126.0977
33715,1953.2047
33716,11624.229
33717,1991.2312
33718,1624.2305
33719,2033.9685
33720,2090.1782
33721,4137.3823
33722,1315.5962
33723,2915.4302
33724,5880.2295
33725,1824.5277
33726,2004.1855
33727,4384.418
33728,3331.0264
33729,1346.5494
33730,3271.878
33731,3207.0896
33732,2586.746
33733,3707.3699
33734,6060.9873
33735,929.5897
33736,2424.042
33737,2859.7646
33738,5509.994
33739,2647.246
33740,2019.7649
33741,4719.9067
33742,4470.764
33743,4414.4126
33744,2960.43
33745,2086.5735
33746,1345.062
33747,3247.6768
33748,345.71356
33749,2735.9866
33750,3319.698
33751,1695.2847
33752,2529.0254
33753,1326.7272
33754,4231.5684
33755,2145.215
33756,2367.2993
33757,3977.704
33758,2196.0945
33759,7048.037
33760,1731.7826
33761,2207.6272
33762,3024.2163
33763,4036.7913
33764,3111.775
33765,3619.5798
33766,2171.8716
33767,2547.7134
33768,1689.5731
33769,3717.038
33770,1949.2883
33771,3179.3486
33772,2875.5745
33773,2029.795
33774,4669.31
33775,2453.3418
33776,2246.4526
33777,4128.343
33778,3825.2656
33779,3262.388
33780,2649.3306
33781,3365.8909
33782,4299.7725
33783,2741.2634
33784,3609.8215
33785,2707.071
33786,3552.1306
33787,2393.253
33788,2860.6802
33789,1051.4956
33790,2043.7142
33791,3272.1865
33792,2755.3884
33793,1437.5039
33794,2233.2212
33795,2150.2812
33796,6023.137
33797,3624.2842
33798,4633.4966
33799,1006.8541
33800,2834.3142
33801,1541.8175
33802,2291.9053
33803,2022.466
33804,3599.8276
33805,1801.258
33806,1748.6116
33807,1621.3088
33808,3726.27
33809,4523.9824
33810,2160.8477
33811,1736.3387
33812,1969.7317
33813,4690.743
33814,1843.6737
33815,3493.6523
33816,3562.964
33817,3547.6992
33818,3087.0005
33819,2184.456
33820,3599.8362
33821,5287.809
33822,1415.8707
33823,4375.8716
33824,1075.2493
33825,1674.5706
33826,2251.3027
33827,2783.2253
33828,1538.8164
33829,4489.8755
33830,1823.9043
33831,1947.22
33832,3690.6045
33833,4390.2944
33834,3988.2056
33835,3290.955
33836,1493.4612
33837,3190.4453
33838,1826.138
33839,3641.2356
33840,3219.7632
33841,3158.1677
33842,1851.0276
33843,586.77454
33844,3487.9097
33845,4033.9092
33846,3222.266
33847,2944.0938
33848,2831.541
33849,1212.4944
33850,2245.6604
33851,2403.482
33852,1980.3004
33853,2173.5479
33854,1133.6437
33855,1340.9296
33856,2595.3005
33857,6299.0293
33858,4383.9224
33859,2065.1765
33860,3928.3975
33861,1799.1931
33862,2793.6921
33863,1331.8451
33864,2924.697
33865,3099.0042
33866,3713.013
33867,3988.139
33868,2960.919
33869,2257.516
33870,4907.523
33871,1844.9497
33872,3013.682
33873,2697.4927
33874,2058.8762
33875,2776.8047
33876,4714.2407
33877,2094.5435
33878,2227.8557
33879,1705.4414
33880,1491.0203
33881,2763.3418
33882,1454.0156
33883,1685.7428
33884,3345.9941
33885,2387.5742
33886,2147.3608
33887,2100.6228
33888,3293.3115
33889,3687.082
33890,1786.4482
33891,1873.4598
33892,1360.7588
33893,1673.117
33894,1670.4694
33895,2795.9907
33896,1571.3398
33897,3000.9558
33898,1721.4646
33899,2484.4424
33900,3980.707
33901,3078.3105
33902,1964.1901
33903,3690.0962
33904,4117.7603
33905,3181.494
33906,1372.8837
33907,2008.1283
33908,3391.1462
33909,1851.3319
33910,2856.7493
33911,2486.8738
33912,3289.1619
33913,3127.8977
33914,3652.7422
33915,1879.153
33916,2282.3984
33917,2662.7385
33918,2139.0388
33919,3151.8892
33920,3312.1514
33921,3832.5203
33922,7790.7515
33923,5555.245
33924,2717.0828
33925,1309.2705
33926,4650.9175
33927,2677.2222
33928,5710.9316
33929,2225.0122
33930,2325.4446
33931,6827.024
33932,2509.1553
33933,4039.512
33934,2895.0217
33935,6737.6553
33936,3210.6138
33937,1323.2831
33938,3741.643
33939,1381.0759
33940,4853.486
33941,2476.7424
33942,1821.1134
33943,3248.2927
33944,3515.3352
33945,2320.0085
33946,1532.1458
33947,1813.6415
33948,2681.5112
33949,2033.1384
33950,2695.9644
33951,2184.5789
33952,2266.5269
33953,3374.6965
33954,2498.422
33955,2171.7095
33956,3299.9578
33957,3289.4602
33958,3726.9302
33959,4059.5464
33960,3509.02
33961,4588.646
33962,1425.9176
33963,1818.2246
33964,2667.9678
33965,3330.4094
33966,4983.992
33967,5233.958
33968,1308.8727
33969,2332.2815
33970,2899.649
33971,1339.3074
33972,2316.9011
33973,1405.6788
33974,1703.2969
33975,1669.0278
33976,2036.7568
33977,4448.4546
33978,1556.2974
33979,2684.8696
33980,3927.263
33981,1784.4473
33982,1604.4617
33983,4959.6216
33984,1897.3038
33985,2367.1392
33986,1560.8082
33987,1780.8369
33988,2047.3531
33989,2067.0652
33990,2630.448
33991,839.30414
33992,1893.5219
33993,1942.6962
33994,2395.6265
33995,2801.0125
33996,6855.1387
33997,3114.19
33998,3658.2463
33999,2993.9333
34000,2098.802
34001,3573.0576
34002,2066.0159
34003,1286.5187
34004,3428.0693
34005,1668.2266
34006,3309.8237
34007,2036.3268
34008,2301.6812
34009,2635.3616
34010,1167.8545
34011,2427.8643
34012,2001.5306
34013,1917.9807
34014,1962.9503
34015,2826.8896
34016,2692.0781
34017,5885.1636
34018,2587.907
34019,1713.081
34020,3540.9326
34021,1856.9708
34022,2058.844
34023,3642.3108
34024,2806.2722
34025,1950.412
34026,1480.9857
34027,3691.0159
34028,1153.673
34029,3701.9358
34030,2595.6223
34031,2355.207
34032,2270.0374
34033,2991.7434
34034,3294.526
34035,2240.6602
34036,2140.372
34037,2298.6633
34038,2193.9194
34039,3211.4048
34040,2545.0645
34041,2860.315
34042,1576.7423
34043,4525.2573
34044,3287.731
34045,6022.359
34046,6868.9478
34047,1757.3674
34048,4992.327
34049,1797.8359
34050,2232.2761
34051,3249.5981
34052,3915.5852
34053,6528.0703
34054,2945.888
34055,2938.5818
34056,3446.5476
34057,2358.1584
34058,3968.3313
34059,1590.9866
34060,4542.5884
34061,2405.97
34062,2795.888
34063,3061.498
34064,2153.076
34065,2572.0508
34066,3679.5771
34068,1801.5912
34069,2952.788
34070,2237.5042
34071,4801.5415
34072,2461.359
34073,6786.0127
34074,2912.4158
34075,3115.0432
34076,2238.1768
34077,3359.696
34078,2255.3154
34079,3768.7322
34080,3246.9585
34081,4538.11
34082,2450.263
34083,2856.4739
34084,1533.3169
34085,4141.397
34086,1044.3479
34087,4513.427
34088,1840.1327
34089,3049.4836
34090,1199.5586
34091,2074.207
34092,2020.9562
34093,2825.3533
34094,4177.2266
34095,4127.084
34096,3560.3967
34097,2015.9701
34098,2725.3828
34099,1605.6678
34100,2400.1013
34101,5272.1035
34102,3726.145
34103,2804.1577
34104,2189.7078
34105,2382.6592
34106,3395.3428
34107,2262.3894
34108,4312.3784
34109,1503.2568
34110,3070.3125
34111,2864.1335
34112,350.20523
34113,2232.7598
34114,2415.4473
34115,1772.0956
34116,2021.6179
34117,2083.2024
34118,2289.178
34119,3790.0923
34120,1937.3411
34121,1174.4707
34122,3429.1863
34123,2531.2239
34124,4064.4304
34125,3265.7373
34126,3862.2708
34127,3817.524
34128,2949.5059
34129,6397.2188
34130,2279.5308
34131,1320.1724
34132,2590.4229
34133,2141.8699
34134,1352.7465
34135,3563.1702
34136,1678.593
34137,2172.409
34138,1643.0316
34139,2501.272
34140,4851.581
34141,898.87274
34142,3274.3667
34143,2442.6335
34144,4988.4175
34145,5213.753
34146,3229.299
34147,2369.1675
34148,2958.0454
34149,1972.5054
34150,3612.7686
34151,1592.773
34152,2714.96
34153,6954.4497
34154,3749.1384
34155,1185.4954
34156,1700.3562
34157,2029.6862
34158,2994.7542
34159,3245.6116
34160,2259.6638
34161,3111.4873
34162,3297.6924
34163,4687.386
34164,1538.7887
34165,4096.3735
34166,2489.6826
34167,2353.5203
34168,4336.4473
34169,2536.7217
34170,4449.6304
34171,2463.3877
34172,4190.29
34173,3107.3462
34174,2311.6694
34175,5214.5913
34176,2490.5095
34177,1751.8479
34178,2627.0647
34179,2409.703
34180,3645.8425
34181,3417.3792
34182,1370.9829
34183,1954.0841
34184,3469.5898
34185,2521.9395
34186,1949.011
34187,3896.8657
34188,1931.4779
34189,4352.0664
34190,2501.1667
34191,2600.4814
34192,1501.3121
34193,2095.2969
34194,1910.6074
34195,1584.518
34196,1794.6252
34197,1585.1978
34198,2354.0552
34199,2940.0498
34200,5640.3584
34201,3854.857
34202,2434.1252
34203,2557.9302
34204,2110.147
34205,2733.1301
34206,1907.0913
34207,2702.8464
34208,1760.2251
34209,2033.9935
34210,1537.3154
34211,1458.2101
34212,2614.2124
34213,1779.1947
34214,2980.3281
34215,2049.9026
34216,1540.9982
34217,2301.58
34218,3001.7175
34219,4360.8228
34220,2869.0193
34221,3918.4192
34222,745.1512
34223,1643.4269
34224,3484.418
34225,2381.8767
34226,2303.1116
34227,3856.858
34228,2066.2793
34229,2316.3042
34230,3140.0212
34231,2726.1704
34232,1923.0637
34233,2672.383
34234,2039.6128
34235,6236.445
34236,3813.9287
34237,3224.2644
34238,2743.2375
34239,2784.9778
34240,1558.9727
34241,2343.4944
34242,1631.2483
34243,3663.739
34244,2503.8872
34245,3602.1147
34246,2184.062
34247,3890.3035
34248,3989.588
34249,1172.0797
34250,2500.1304
34251,3661.5298
34252,1599.7065
34253,2610.0305
34254,4445.6924
34255,3071.225
34256,2761.1199
34257,2155.417
34258,7710.9707
34259,5285.371
34260,1718.6522
34261,2379.0815
34262,5347.978
34263,3759.3699
34264,3544.89
34265,2202.355
34266,2235.9905
34267,1791.4791
34268,2397.787
34269,3158.784
34270,2021.4747
34271,482.80707
34272,6157.076
34273,1531.1437
34274,2007.2947
34275,4726.925
34276,2079.1824
34277,2490.8289
34278,996.11066
34279,1817.6682
34280,1848.1979
34281,6103.8237
34282,2043.2173
34283,2132.6304
34284,1991.3188
34285,4244.551
34286,1618.4785
34287,2221.77
34288,2751.522
34289,1568.633
34290,1797.766
34291,2073.1262
34292,2382.5203
34293,1792.5295
34294,3218.4937
34295,1357.9626
34296,1390.6576
34297,3119.957
34298,1842.4797
34299,1605.1392
34300,3796.604
34301,3973.9841
34302,7644.0884
34303,4713.394
34304,3538.1982
34305,2119.1597
34306,4773.4546
34307,4802.148
34308,2334.193
34309,2092.2976
34310,4253.024
34311,2567.1301
34312,3005.025
34313,3584.2764
34314,2214.012
34315,1966.2173
34316,2156.8164
34317,2319.7761
34318,5114.519
34319,1972.9432
34320,2120.7283
34321,1969.3917
34322,1462.2207
34323,1137.2363
34324,1701.0656
34325,8277.334
34326,2345.7744
34327,2967.594
34328,3007.3093
34329,2738.645
34330,2101.4285
34331,1925.3064
34332,4397.2856
34333,2877.7432
34334,3776.3586
34335,2276.7373
34336,4330.7363
34337,1987.7864
34338,1912.2064
34339,2767.1868
34340,1389.9442
34341,2207.464
34342,2615.4233
34343,6178.347
34344,1333.6997
34345,3238.924
34346,3360.1484
34347,1616.9674
34348,3138.6685
34349,1752.7367
34350,5516.4824
34351,4389.4272
34352,1488.492
34353,2641.3352
34354,2153.4443
34355,2999.556
34356,2922.9307
34357,1888.4069
34358,2670.4912
34359,3905.978
34360,1412.5791
34361,1871.5007
34362,2448.7087
34363,4351.749
34364,2552.8972
34365,5209.9995
34366,2702.7854
34367,4377.4927
34368,3847.7795
34369,2791.958
34370,5233.6147
34371,1886.4463
34372,2470.3733
34373,1129.325
34374,3314.0344
34375,3904.5417
34376,4781.1562
34377,2033.697
34378,4020.827
34379,2873.6824
34380,2091.3186
34381,2778.0498
34382,2616.5066
34383,2161.0505
34384,1832.3392
34385,2049.0928
34386,1311.5923
34387,3092.6135
34388,2423.897
34389,3641.315
34390,4606.1274
34391,3497.9524
34392,3505.7134
34393,1986.1284
34394,2973.754
34395,3219.1338
34396,2290.4233
34397,2662.5757
34398,3182.8484
34399,4326.881
34400,3210.15
34401,2183.025
34402,873.742
34403,2328.79
34404,2145.5676
34405,3416.5002
34406,3424.6453
34407,1764.2936
34408,2122.4124
34409,1718.0406
34410,3255.6292
34411,2888.6294
34412,1555.9961
34413,1387.8464
34414,3487.6301
34415,2354.087
34416,2229.9705
34417,2167.7415
34418,3751.197
34419,2418.3916
34420,2871.7534
34421,2388.785
34422,1254.9095
34423,5334.911
34424,3138.608
34425,5321.47
34426,4119.67
34427,1995.5524
34428,3448.8057
34429,4588.744
34430,4176.0376
34431,1729.5792
34432,2433.2498
34433,1592.4663
34434,1783.7883
34435,2064.8884
34436,4827.6875
34437,3073.0981
34438,2043.336
34439,3406.4702
34440,1930.8767
34441,1522.3376
34442,1608.3152
34443,2627.1802
34444,2740.9094
34445,1846.0167
34446,1801.541
34447,1510.5399
34448,6272.3857
34449,1926.2211
34450,1200.8438
34451,2174.2363
34452,7143.576
34453,2770.4841
34454,3468.0415
34455,5137.675
34456,2058.5208
34457,2927.3845
34458,2861.6218
34459,4331.8013
34460,1467.3661
34461,2562.714
34462,6474.0767
34463,3111.8113
34464,3471.9373
34465,5670.437
34466,2362.7642
34467,1834.1626
34468,2687.6768
34469,1436.8282
34470,3971.1753
34471,3262.0627
34472,1997.1128
34473,5972.095
34474,3883.008
34475,2862.9927
34476,2791.1868
34477,6429.9644
34478,2450.602
34479,2511.2546
34480,4298.2124
34481,7268.683
34482,1587.3099
34483,2259.091
34484,3094.104
34485,3802.3757
34486,943.8371
34487,6596.763
34488,1300.0703
34489,7487.003
34490,2520.9075
34491,2009.6974
34492,2829.3188
34493,2188.601
34494,3717.5007
34495,3879.0486
34496,3131.7454
34497,1558.8971
34498,2627.6287
34499,1972.4158
34500,4459.3647
34501,3525.1838
34502,1754.3165
34503,2748.542
34504,2314.9438
34505,2654.516
34506,3235.9507
34507,1407.7448
34508,6932.709
34509,2101.8767
34510,2218.291
34511,6361.271
34512,1596.3962
34513,3125.5317
34514,2701.1196
34515,4065.892
34516,3217.1826
34517,1848.0588
34518,1932.6298
34519,1947.3235
34520,2632.0798
34521,4012.1736
34522,3818.6738
34523,2059.9414
34524,1707.1825
34525,1755.3541
34526,2291.5298
34527,1411.1798
34528,4452.2954
34529,2475.4463
34530,1586.8816
34531,4707.672
34532,2494.599
34533,2347.3892
34534,2281.1318
34535,2387.4985
34536,1353.0742
34537,3924.6885
34538,5244.502
34539,3999.0732
34540,4601.5825
34541,2851.18
34542,1342.8456
34543,3744.9536
34544,3879.963
34545,3806.9175
34546,2823.9414
34547,3743.8362
34548,3479.8179
34549,5986.2905
34550,3003.7063
34551,3529.3425
34552,1364.479
34553,4792.714
34554,1644.018
34555,3680.5574
34556,3121.9912
34557,2726.1199
34558,1733.2551
34559,1759.4647
34560,1915.52
34561,3065.873
34562,2325.6453
34563,1708.4655
34564,1293.6545
34565,2057.2454
34566,991.35767
34567,2540.0562
34568,2513.7026
34569,5061.5723
34570,3008.3591
34571,1595.4268
34572,5475.1475
34573,2622.1343
34574,2051.8713
34575,5302.6006
34576,3740.7375
34577,4407.2676
34578,2092.8716
34579,1223.5621
34580,7679.462
34581,1498.0764
34582,1611.8855
34583,2328.1667
34584,2379.541
34585,3108.624
34586,3021.7756
34587,3243.875
34588,2312.3699
34589,1129.2072
34590,1899.6466
34591,2491.8928
34592,1404.3428
34593,3981.9414
34594,3040.7034
34595,2667.1
34596,3205.8179
34597,3267.0398
34598,2162.4294
34599,2010.1001
34600,2786.6558
34601,3120.2139
34602,2222.0312
34603,1546.5651
34604,1490.236
34605,3091.142
34606,1920.9738
34607,2010.732
34608,3501.8826
34609,2016.4589
34610,2897.8843
34611,1907.3755
34612,1408.6471
34613,3604.4294
34614,4287.2275
34615,1591.9302
34616,2034.8997
34617,3192.7764
34618,2092.8318
34619,3225.7278
34620,2836.8538
34621,1721.3916
34622,3080.6787
34623,1242.5647
34624,1828.2794
34625,4394.599
34626,2462.474
34627,7833.7734
34628,4367.5503
34629,3515.3228
34630,4713.498
34631,4883.0547
34632,6921.513
34633,6046.549
34634,3640.2092
34635,2815.0913
34636,3173.9731
34637,2377.062
34638,5557.1333
34639,2463.1877
34640,4462.6855
34641,1510.5082
34642,3678.784
34643,2913.6104
34644,1608.8893
34645,3887.5403
34646,1960.9409
34647,3003.6448
34648,3225.837
34649,2485.591
34650,1882.2688
34651,2138.775
34652,2403.088
34653,3251.6643
34654,1521.3317
34655,1562.3668
34656,2120.639
34657,2290.6987
34658,2657.8162
34659,3150.7097
34660,1522.7654
34661,2784.7744
34662,1595.1105
34663,2976.4714
34664,1505.7587
34665,3937.0674
34666,2268.5027
34667,2475.2678
34668,3675.7715
34669,3536.85
34670,2991.5303
34671,2685.6946
34672,2507.3345
34673,6768.3545
34674,2018.2604
34675,6579.1875
34676,1679.5858
34677,3374.1677
34678,2842.5264
34679,5624.8096
34680,1197.7704
34681,2842.3782
34682,1888.0035
34683,3355.9219
34684,601.32
34685,3791.9429
34686,1838.3264
34687,2819.3525
34688,1684.57
34689,3072.5696
34690,1945.8726
34691,2499.123
34692,4682.4297
34693,2841.761
34694,2734.2595
34695,3973.4329
34696,1994.3359
34697,3243.8525
34698,3943.0886
34699,1892.7
34700,5933.239
34701,1463.2411
34702,3493.082
34703,1387.8776
34704,4199.098
34705,2616.5225
34706,1053.9207
34707,3259.8215
34708,3891.0989
34709,3026.826
34710,3243.0151
34711,1978.9973
34712,2527.8357
34713,2254.3647
34714,1401.0056
34715,1896.5133
34716,5293.2515
34717,4704.754
34718,3469.99
34719,4265.8984
34720,5740.5728
34721,3060.7588
34722,1918.6449
34723,4050.354
34724,2796.0862
34725,4895.463
34726,1880.5431
34727,2331.9421
34728,5932.8457
34729,2807.905
34730,2133.9736
34731,3150.1426
34732,3740.4233
34733,2270.1252
34734,2252.731
34735,2719.9197
34736,2514.0093
34737,2622.4773
34738,1721.0312
34739,4018.7607
34740,2097.0981
34741,4088.887
34742,1570.5005
34743,2884.135
34744,3292.338
34745,1648.1088
34746,1468.196
34747,3792.5442
34748,2326.8054
34749,5509.527
34750,2995.382
34751,3332.37
34752,6228.6104
34753,5092.5493
34754,5298.8755
34755,5367.934
34756,927.9993
34757,2129.6416
34758,2802.9873
34759,3274.463
34760,2661.7646
34761,2463.8223
34762,1720.2177
34763,2258.1667
34764,2583.1284
34765,1730.598
34766,3448.412
34767,887.50824
34768,1542.7988
34769,4551.1255
34770,2385.1028
34771,1630.4254
34772,2712.347
34773,2494.2424
34774,1332.6554
34775,3282.203
34776,2232.772
34777,4959.652
34778,3077.2375
34779,2233.8003
34780,4854.074
34781,4097.148
34782,2756.028
34783,1376.1451
34784,2696.4255
34785,1627.6104
34786,1889.3357
34787,4421.408
34788,1010.9301
34789,1991.86
34790,1227.0648
34791,4271.4336
34792,2239.836
34793,3485.2695
34794,1508.0446
34795,2579.128
34796,6004.9175
34797,2821.3386
34798,6208.5684
34799,3570.689
34800,3819.3037
34801,2370.0225
34802,4016.0034
34803,2446.9817
34804,3840.7598
34805,2628.73
34806,2135.4983
34807,3377.8083
34808,1907.6526
34809,2062.9749
34810,2075.0085
34811,6031.757
34812,2394.0762
34813,4267.951
34814,1868.1492
34815,2953.07
34816,2967.1792
34817,2335.3982
34818,4108.3994
34819,1631.2778
34820,5200.3813
34821,2539.0955
34822,2612.235
34823,3481.7249
34824,5047.4365
34825,3869.811
34826,1405.6853
34827,1645.1116
34828,3726.3423
34829,2622.372
34830,5446.178
34831,1949.1046
34832,5213.666
34833,1091.7816
34834,1512.5005
34835,2744.217
34836,2493.6968
34837,2974.7576
34838,3870.9075
34839,2934.7878
34840,3502.3442
34841,1766.5962
34842,2880.4014
34843,2141.6858
34844,3530.0413
34845,4006.127
34846,3382.5637
34847,1477.9385
34848,3023.3281
34849,2838.815
34850,2216.0159
34851,2450.6252
34852,2368.9219
34853,2532.6592
34854,3184.2234
34855,2865.886
34856,2664.2358
34857,2332.2178
34858,4705.2114
34859,3567.3237
34860,3748.8174
34861,1726.5227
34862,2260.9846
34863,4687.056
34864,3484.6223
34865,1031.2391
34866,2927.5864
34867,3122.0535
34868,1851.7382
34869,3874.9377
34870,2482.9495
34871,5091.615
34872,1661.1771
34873,2194.158
34874,4162.783
34875,3304.2012
34876,1386.7771
34877,3596.8928
34878,2706.95
34879,2454.0642
34880,4401.3013
34881,1820.8501
34882,2588.996
34883,8129.707
34884,3606.1528
34885,2554.08
34886,1402.2705
34887,1936.8207
34888,1804.983
34889,3270.938
34890,1518.4615
34891,2860.3445
34892,3343.6282
34893,1526.13
34894,3125.466
34895,2731.5188
34896,2690.2249
34897,2443.024
34898,6104.428
34899,3046.7388
34900,2613.8804
34901,6413.1714
34902,3331.2905
34903,4966.121
34904,2774.093
34905,5344.6357
34906,1403.6722
34907,1425.993
34908,4713.0063
34909,1934.0094
34910,1086.6436
34911,1299.1853
34912,1547.2296
34913,7233.2803
34914,3066.4414
34915,1445.721
34916,2309.2827
34917,1444.6482
34918,1880.5358
34919,2227.4263
34920,2402.3074
34921,3690.597
34922,3210.7017
34923,2259.7922
34924,1315.0242
34925,1384.5146
34926,2093.963
34927,3240.6975
34928,2631.913
34929,2328.197
34930,1505.546
34931,1264.0626
34932,2582.3542
34933,2226.6328
34934,5180.7007
34935,1493.6857
34936,3536.2866
34937,2413.9143
34938,2523.092
34939,2451.9153
34940,2617.154
34941,5361.0957
34942,1585.489
34943,1714.553
34944,2677.994
34945,3059.4272
34946,2662.3232
34947,1088.768
34948,1764.6571
34949,1340.5597
34950,4108.156
34951,2307.8916
34952,1939.6776
34953,6220.4204
34954,4220.2964
34955,877.67694
34956,5724.5083
34957,665.73474
34958,5343.782
34959,4733.241
34960,2997.3557
34961,4012.9502
34962,4727.888
34963,1799.0144
34964,4467.713
34965,1666.4806
34966,2160.8118
34967,2731.2053
34968,1445.0214
34969,4323.2817
34970,3037.9817
34971,3000.0276
34972,2482.7659
34973,2247.8303
34974,4024.5605
34975,1544.1558
34976,3103.7832
34977,2654.99
34978,1278.8063
34979,2880.5425
34980,1622.5101
34981,1336.9081
34982,1630.6898
34983,3021.8735
34984,2191.026
34985,2574.168
34986,3829.9424
34987,2708.6624
34988,2940.9407
34989,2886.0454
34990,1430.9589
34991,2365.4385
34992,1387.0626
34993,2423.2268
34994,4811.1772
34995,1696.1326
34996,2178.9248
34997,3449.0942
34998,1893.1243
34999,6741.4907
35000,6052.321
35001,2371.6946
35002,2313.9475
35003,1007.9694
35004,1928.2913
35005,5123.7114
35006,1794.8369
35007,3708.6697
35008,3091.0933
35009,1569.4429
35010,3379.6296
35011,3055.382
35012,3248.7388
35013,2501.7454
35014,6696.712
35015,1999.3906
35016,2979.6328
35017,2685.7107
35018,2577.0752
35019,3943.012
35020,1827.6451
35021,3219.6846
35022,2674.9727
35023,3059.6409
35024,3628.046
35025,1651.8179
35026,1898.6918
35027,4122.453
35028,4973.553
35029,3796.9937
35030,1852.8116
35031,3332.1804
35032,1429.5704
35033,2805.2622
35034,1214.7169
35035,5749.981
35036,3127.2566
35037,2595.0505
35038,2969.0522
35039,3025.6443
35040,2727.5828
35041,2625.7402
35042,2911.113
35043,3752.7432
35044,4284.283
35045,1688.4812
35046,2495.4888
35047,2103.3203
35048,2870.9507
35049,3906.4285
35050,2269.3782
35051,2975.0168
35052,3457.8057
35053,1905.255
35054,2610.7808
35055,2206.2043
35056,5184.7993
35057,2290.0781
35058,2825.2544
35059,4315.899
35060,2896.823
35061,1610.3328
35062,2718.1233
35063,2153.6414
35064,2151.8855
35065,2952.3108
35066,3080.5757
35067,2988.664
35068,2361.8281
35069,2503.276
35070,2453.1604
35071,2401.0566
35072,2644.822
35073,1502.6528
35074,7863.515
35075,3574.8052
35076,1465.0614
35077,3620.115
35078,2856.5642
35079,2369.5198
35080,1451.2506
35081,6030.261
35082,697.27905
35083,1995.6552
35084,4324.991
35085,3541.344
35086,3867.4402
35087,1643.6025
35088,2091.5708
35089,3581.5984
35090,2170.3835
35091,1088.4978
35092,2284.3506
35093,2874.881
35094,1729.9296
35095,2142.9028
35096,2594.1663
35097,3053.7246
35098,3042.6836
35099,1969.11
35100,2071.2395
35101,1675.9574
35102,2112.099
35103,2639.072
35104,5854.986
35105,2037.0999
35106,4612.3813
35107,5649.0586
35108,2957.1902
35109,3154.9478
35110,2167.5376
35111,1420.1274
35112,1797.5186
35113,4286.857
35114,3801.1477
35115,2186.5227
35116,1761.316
35117,2266.9087
35118,1950.9131
35119,2628.6582
35120,2115.9912
35121,4123.874
35122,3987.3232
35123,2790.7063
35124,4240.791
35125,2533.2607
35126,2007.9277
35127,3013.8442
35128,2066.9224
35129,3306.7087
35130,1426.1066
35131,7891.1187
35132,2277.5125
35133,1808.551
35134,2863.463
35135,3585.997
35136,4595.952
35137,3340.7593
35138,1636.4683
35139,7360.4326
35140,3123.1624
35141,2459.238
35142,2735.8083
35143,4634.9873
35144,2295.106
35145,4581.5776
35146,2220.76
35147,1402.6254
35148,4645.6753
35149,1905.5767
35150,3915.744
35151,4542.7324
35152,2335.5503
35153,2125.5312
35154,2370.6116
35155,2751.907
35156,1350.32
35157,3719.236
35158,3320.8833
35159,3980.87
35160,3323.7136
35161,2369.5247
35162,3623.5208
35163,2260.079
35165,1562.114
35166,3345.5432
35167,3105.2002
35168,2735.0999
35169,2354.093
35170,2069.1147
35171,1508.5352
35172,4161.773
35173,2404.5266
35174,2322.5317
35175,2577.1372
35176,2426.7476
35177,3411.3098
35178,4918.2197
35179,2803.1929
35180,2592.1216
35181,2785.6807
35182,1761.5427
35183,3297.0193
35184,3034.5872
35185,2269.6636
35186,2664.5457
35187,3202.8845
35188,2934.8333
35189,2453.1968
35190,3355.0356
35191,979.3741
35192,5960.2764
35193,6281.309
35194,2720.2515
35195,2305.9177
35196,739.68774
35197,6207.2563
35198,1428.1143
35199,4304.6436
35200,2555.174
35201,1306.4495
35202,3032.641
35203,3843.3047
35204,2564.3196
35205,2492.8125
35206,2230.0256
35207,2075.3843
35208,4608.1255
35209,2894.779
35210,1565.4327
35211,2544.2832
35212,4216.371
35213,3186.4421
35214,1770.9312
35215,1867.1808
35216,2302.3032
35217,4471.2397
35218,3378.885
35219,933.11664
35220,894.00055
35221,1564.605
35222,3006.358
35223,2376.1104
35224,2140.247
35225,4324.236
35226,1329.7197
35227,3044.873
35228,5376.789
35229,1974.811
35230,6414.75
35231,1885.6073
35232,5595.1655
35233,1984.5312
35234,1903.4949
35235,3552.675
35236,3219.2231
35237,1547.2916
35238,2447.2583
35239,2435.8396
35240,1622.8429
35241,2438.7202
35242,6315.685
35243,2020.1926
35244,1362.0417
35245,2271.549
35246,2080.3987
35247,2354.46
35248,2612.0884
35249,2377.4888
35250,1973.829
35251,2037.9763
35252,4846.156
35253,5408.79
35254,3386.2942
35255,2499.654
35256,2469.0146
35257,4273.742
35258,4656.2026
35259,3329.4636
35260,1957.0155
35261,1690.9285
35262,5664.5356
35263,2976.2935
35264,2336.9038
35265,3083.3257
35266,925.67535
35267,3042.0046
35268,3562.8599
35269,2910.8665
35270,1841.7452
35271,6944.6157
35272,2996.4163
35273,4850.5796
35274,1766.6444
35275,1854.5045
35276,2511.2812
35277,4307.1924
35278,2314.086
35279,1412.1053
35280,1795.396
35281,3006.342
35282,4262.2686
35283,3098.006
35284,1786.5468
35285,2378.75
35286,3663.1072
35287,3064.4263
35288,2606.1233
35289,6700.936
35290,4213.198
35291,4687.5317
35292,3881.971
35293,2517.8813
35294,2421.1304
35295,3756.3127
35296,4404.06
35297,5359.4976
35298,3431.4292
35299,3530.1982
35300,2047.0354
35301,1814.3478
35302,2238.3357
35303,2601.843
35304,2114.6455
35305,1955.9888
35306,2316.6511
35307,2926.7544
35308,4060.5713
35309,5446.944
35310,4930.601
35311,1806.077
35312,4725.893
35313,1947.8008
35314,2983.501
35315,2901.6492
35316,3702.4219
35317,3988.3374
35318,4114.741
35319,4652.6836
35320,6634.4253
35321,1120.3336
35322,5720.6216
35323,3300.1536
35324,2751.221
35325,2718.0188
35326,2655.5723
35327,3954.4316
35328,4856.2686
35329,1878.0228
35330,1472.7235
35331,1752.5891
35332,2944.6733
35333,2109.8296
35334,1883.0928
35335,2556.2993
35336,1441.8088
35337,5722.8833
35338,2009.5833
35339,2225.979
35340,3807.369
35341,1787.2828
35342,3462.4175
35343,2287.2397
35344,2605.331
35345,2083.6265
35346,1810.2377
35347,2117.7695
35348,4828.621
35349,4279.2485
35350,2071.4126
35351,6811.2603
35352,2084.2896
35353,1986.2273
35354,4583.3735
35355,2069.5132
35356,2251.1333
35357,1820.3608
35358,2287.6924
35359,2870.2964
35360,2744.1943
35361,3200.1482
35362,2552.7297
35363,4858.6265
35364,1884.0951
35365,1765.1566
35366,3025.5276
35367,2126.6296
35368,1165.1127
35369,2007.4879
35370,2979.0024
35371,2357.9358
35372,3975.9414
35373,5657.8506
35374,5157.9023
35375,3355.12
35376,3178.9968
35377,3375.5857
35378,2256.012
35379,2871.0347
35380,1846.0724
35381,2792.843
35382,2223.3225
35383,5193.613
35384,2824.5142
35385,2221.583
35386,2885.3691
35387,4491.9194
35388,985.65
35389,3221.4678
35390,2262.5981
35391,1247.7792
35392,2089.7166
35393,2757.0085
35394,3284.9414
35395,3972.3345
35396,2202.4993
35397,2797.4265
35398,3629.9143
35399,1501.9243
35400,2105.82
35401,5229.4517
35402,2447.838
35403,1106.421
35404,3465.0178
35405,3263.1594
35406,960.95624
35407,2869.8835
35408,3962.9983
35409,2143.7676
35410,2493.6096
35411,3089.0225
35412,2866.6035
35413,3355.2556
35414,4816.6206
35415,2490.8643
35416,2794.1174
35417,8370.742
35418,2193.6958
35419,1489.2424
35420,2848.329
35421,1978.4084
35422,2329.9177
35423,3705.0264
35424,1869.4839
35425,2249.5344
35426,3321.4827
35427,5502.338
35428,2563.181
35429,3850.0398
35430,1685.4376
35431,4112.371
35432,2919.304
35433,3323.3545
35434,1116.1047
35435,1976.2122
35436,5945.663
35437,2220.9758
35438,3673.6182
35439,1772.9551
35440,1511.2328
35441,2164.7542
35442,4864.492
35443,2985.802
35444,3145.242
35445,3493.443
35446,3001.5215
35447,1877.57
35448,1228.3262
35449,3461.0005
35450,3442.6038
35451,2196.4053
35452,1457.1539
35453,3906.591
35454,2519.8267
35455,1834.9232
35456,1264.9523
35457,1519.1394
35458,3881.541
35459,1201.5035
35460,1953.127
35461,2698.6353
35462,2104.2424
35463,2011.746
35464,1007.2393
35465,2953.8806
35466,1380.4211
35467,2459.7651
35468,3395.2483
35469,3427.8967
35470,2654.1304
35471,2180.151
35472,3140.9915
35473,5697.979
35474,3356.8171
35475,2082.9333
35476,3345.135
35477,1421.0931
35478,1469.8351
35479,2291.7073
35480,1467.9625
35481,3419.6343
35482,1399.5773
35483,1216.9435
35484,2427.406
35485,3231.2986
35486,2284.8826
35487,1634.7979
35488,3840.753
35489,3072.2134
35490,2244.8984
35491,2944.748
35492,2410.3804
35493,3351.3906
35494,3129.4946
35495,1929.9608
35496,3403.1458
35497,2890.0947
35498,3390.845
35499,2253.4333
35500,1637.7144
35501,2718.4512
35502,4431.6357
35503,1829.607
35504,2061.6035
35505,1276.5018
35506,1922.2626
35507,1543.5009
35508,4981.265
35509,1930.439
35510,2868.0867
35511,2634.545
35512,3184.5125
35513,1662.5089
35514,2591.8662
35515,4263.175
35516,1786.3868
35517,1959.5089
35518,1863.3799
35519,2632.1895
35520,1236.9359
35521,3645.71
35522,2525.5488
35523,1361.8932
35524,4949.273
35525,1686.2899
35526,2214.9685
35527,4232.616
35528,1966.739
35529,1240.1261
35530,2736.295
35531,3759.9978
35532,2393.2466
35533,2802.377
35534,3471.6084
35535,2347.2615
35536,5610.7324
35537,2442.0774
35538,1747.4503
35539,2779.4434
35540,1870.5613
35541,1201.1984
35542,2499.5117
35543,2398.6208
35544,1780.658
35545,6042.208
35546,1649.8499
35547,3158.8003
35548,4499.977
35549,1155.9753
35550,1472.9786
35551,1641.7225
35552,3124.7437
35553,1244.4366
35554,5058.5356
35555,1314.7203
35556,2857.2854
35557,1140.7834
35558,2131.1323
35559,2946.6624
35560,4569.2236
35561,2331.1943
35562,1135.6837
35563,4948.224
35564,1989.4154
35565,2882.4246
35566,1631.0278
35567,2324.6611
35568,2348.809
35569,2864.3755
35570,3874.4272
35571,4661.4893
35572,1523.7051
35573,834.4525
35574,5086.433
35575,1817.3119
35576,2331.3816
35577,2606.2583
35578,2576.131
35579,3130.229
35580,3483.2546
35581,4078.2722
35582,2096.9128
35583,3977.1096
35584,3277.945
35585,2521.45
35586,2905.5303
35587,2280.1804
35588,3438.7595
35589,2510.7483
35590,3283.691
35591,832.99207
35592,1331.9248
35593,1875.5463
35594,1283.7014
35595,1741.9258
35596,2629.0056
35597,2428.1604
35598,3903.7566
35599,2392.045
35600,4879.558
35601,4357.374
35602,1665.956
35603,3197.4592
35604,2063.7227
35605,2556.0388
35606,3565.014
35607,2778.3823
35608,6965.4404
35609,2622.0112
35610,2556.4656
35611,1448.0553
35612,3910.9841
35613,4159.6865
35614,3224.1987
35615,2093.3237
35616,2376.3167
35617,3043.3452
35618,4287.4697
35619,2322.8418
35620,3818.8042
35621,1824.2385
35622,2554.606
35623,2364.6348
35624,6202.2793
35625,3316.8457
35626,1882.0956
35627,1941.7719
35628,1413.7355
35629,1858.2397
35630,2921.4885
35631,1562.0421
35632,2934.6863
35633,3197.6743
35634,3469.281
35635,1580.728
35636,2575.9946
35637,934.8968
35638,2626.2742
35639,3296.236
35640,2397.1458
35641,2549.4873
35642,2355.705
35643,2617.4326
35644,5053.1
35645,3185.256
35646,2655.8796
35647,4672.018
35648,2038.5919
35649,2515.8423
35650,2656.989
35651,2222.7725
35652,4584.934
35653,4731.6646
35654,3628.9148
35655,1678.7452
35656,4186.746
35657,1882.2137
35658,1703.6978
35659,3210.3196
35660,1255.6329
35661,3888.873
35662,6079.7417
35663,2139.759
35664,2134.3699
35665,3357.628
35666,2219.8962
35667,2990.4094
35668,2149.2144
35669,6052.0054
35670,4589.087
35671,4973.1987
35672,2920.2642
35673,2145.434
35674,2331.0923
35675,5528.8433
35676,3722.8516
35677,3498.3064
35678,1748.1171
35679,4379.211
35680,1874.3308
35681,2395.898
35682,1838.112
35683,2662.825
35684,4972.227
35685,3485.8389
35686,3248.8894
35687,2006.2319
35688,2412.691
35689,2471.602
35690,3633.3096
35691,3117.1833
35692,1359.941
35693,1979.4875
35694,1514.2059
35695,3817.806
35696,3241.0266
35697,4319.95
35698,3683.5774
35699,3234.4148
35700,692.624
35701,4683.609
35702,1883.7793
35703,4183.33
35704,2820.6443
35705,2275.4014
35706,4227.464
35707,4883.48
35708,4038.899
35709,4959.7075
35710,4491.3594
35711,1827.9938
35712,1570.9412
35713,1699.2452
35714,3880.0657
35715,4571.3735
35716,2322.4968
35717,1269.3363
35718,3397.0051
35719,5749.797
35720,2533.7766
35721,1822.7095
35722,1633.2341
35723,3993.216
35724,6129.3804
35725,1012.94977
35726,1439.8965
35727,1805.456
35728,1922.2048
35729,5457.8306
35730,1594.6306
35731,2038.7394
35732,2038.1051
35733,2777.622
35734,2946.5664
35735,3489.2898
35736,5204.2266
35737,1932.5337
35738,1853.9076
35739,3288.9236
35740,2210.8672
35741,3417.1287
35742,3689.0007
35743,3971.918
35744,2372.9841
35745,2007.4512
35746,2557.4866
35747,2073.2449
35748,2459.3887
35749,1212.7157
35750,3703.8462
35751,2406.786
35752,4506.992
35753,2654.437
35754,1517.1466
35755,2061.359
35756,3829.6577
35757,1631.314
35758,5712.41
35759,3050.9434
35760,2632.0923
35761,3295.01
35762,2806.1987
35763,4370.364
35764,2520.1716
35765,2067.4612
35766,3061.5464
35767,4386.544
35768,3114.4268
35769,4263.361
35770,2466.126
35771,1883.5908
35772,2814.5151
35773,2671.32
35774,2710.7224
35775,3260.873
35776,1457.5532
35777,3024.8599
35778,2910.4304
35779,913.3651
35780,1761.7601
35781,2302.5415
35782,2719.2278
35783,1619.8204
35784,1244.5271
35785,955.87177
35786,1976.7433
35787,968.2594
35788,4583.118
35789,3082.2358
35790,1770.6572
35791,2495.7527
35792,2131.8274
35793,2479.8308
35794,4626.5005
35795,2184.1582
35796,1460.4696
35797,4095.167
35798,3744.9597
35799,7667.62
35800,2404.6895
35801,2505.7407
35802,2356.877
35803,2159.7168
35804,2380.2563
35805,2271.5532
35806,1516.8813
35807,2262.2825
35808,1464.1837
35809,3221.6797
35810,3300.7961
35811,1679.0151
35812,4916.1533
35813,3546.1409
35814,4742.803
35815,2543.4385
35816,1935.3771
35817,2756.4897
35818,4408.2646
35819,1794.8057
35820,2707.1667
35821,2058.284
35822,2137.3071
35823,1938.5089
35824,5088.119
35825,866.52893
35826,7180.3555
35827,3605.839
35828,2356.985
35829,1649.8838
35830,2634.5076
35831,3611.0356
35832,4072.0728
35833,1347.9536
35834,1697.5714
35835,3538.9006
35836,5460.2065
35837,2739.2627
35838,3350.887
35839,3204.8618
35840,2374.4822
35841,2250.6023
35842,2945.2742
35843,1787.7926
35844,3780.518
35845,2748.3794
35846,887.36475
35847,4749.6865
35848,4476.8145
35849,2993.536
35850,2211.279
35851,2162.474
35852,3929.0964
35853,1139.5619
35854,1983.6862
35855,5345.9653
35856,2700.0637
35857,7164.7515
35858,1936.1182
35859,2347.7878
35860,1426.3074
35861,2026.47
35862,2002.5524
35863,1622.351
35864,3171.1855
35865,1623.1323
35866,4687.4585
35867,4735.0547
35868,1789.7643
35869,2183.8262
35870,3142.7134
35871,5327.447
35872,2375.1604
35873,3030.3333
35874,2747.9924
35875,1817.3944
35876,2630.7322
35877,4196.251
35878,3788.7822
35879,2950.0479
35880,2197.1753
35881,3871.8406
35882,2079.1306
35883,2964.4902
35884,1907.515
35885,3625.2043
35886,2063.2625
35887,1960.5372
35888,2198.6135
35889,2410.503
35890,1404.0825
35891,2725.3835
35892,1937.9945
35893,2270.115
35894,889.633
35895,2122.8823
35896,6865.8125
35897,3530.3464
35898,2073.174
35899,3436.3416
35900,2433.4492
35901,1991.966
35902,2381.725
35903,1651.1168
35904,1999.8898
35905,2197.6968
35906,3806.1042
35907,5034.2036
35908,3160.4082
35909,2162.6948
35910,3435.252
35911,1526.2285
35912,4189.5815
35913,2869.2139
35914,1724.3413
35915,3491.9524
35916,2312.4226
35917,3239.7405
35918,2141.1797
35919,2663.3896
35920,5394.2036
35921,3089.5054
35922,3776.3296
35923,2529.0188
35924,3061.3147
35925,4667.7554
35926,3409.7441
35927,5308.9873
35928,3585.1143
35929,5670.666
35930,1322.0986
35931,2749.499
35932,890.87994
35933,2919.195
35934,3351.7146
35935,1930.8003
35936,2275.8381
35937,2142.5293
35938,4094.3792
35939,1603.0691
35940,1905.2096
35941,1696.8889
35942,2446.0525
35943,2307.461
35944,3638.0232
35945,1873.7876
35946,3850.0964
35947,2931.0627
35948,3030.3435
35949,2183.7856
35950,2859.0852
35951,1708.2297
35952,2334.4111
35953,5318.324
35954,2562.1663
35955,5974.9253
35956,1778.5724
35957,5475.5747
35958,2068.457
35959,1421.9858
35960,3982.0625
35961,1351.512
35962,2001.0767
35963,857.0949
35964,2866.2205
35965,3994.7014
35966,5417.8237
35967,2593.927
35968,3591.8271
35969,2744.597
35970,2705.4868
35971,1860.6099
35972,3012.7412
35973,6076.668
35974,2889.8035
35975,5911.8325
35976,2565.3103
35977,3451.8833
35978,3105.3506
35979,3537.7227
35980,4496.5073
35981,1902.8196
35982,1894.4938
35983,2379.0554
35984,1546.3582
35985,3305.643
35986,3224.0186
35987,1883.9695
35988,4613.257
35989,3452.134
35990,1537.1063
35991,2335.8708
35992,1982.7437
35993,1875.9066
35994,1992.3248
35995,4817.206
35996,1188.4795
35997,1421.0957
35998,2206.7676
35999,3194.1562
36000,4652.644
36001,3088.0793
36002,1635.2938
36003,3553.6282
36004,2600.1067
36005,3441.9207
36006,2426.869
36007,1971.9972
36008,1568.1088
36009,3523.0425
36010,3637.605
36011,2213.0115
36012,2759.4683
36013,4422.634
36014,2013.2162
36015,3576.1592
36016,3672.4326
36017,2429.491
36018,4208.27
36019,1961.8331
36020,3291.1697
36021,3125.8064
36022,2304.1445
36023,4293.4404
36024,2548.338
36025,2232.2466
36026,2582.9521
36027,2028.0692
36028,2123.927
36029,2897.2085
36030,1543.9729
36031,3260.9368
36032,2310.4512
36033,2003.263
36034,2890.457
36035,1183.9742
36036,2533.8232
36037,2375.4858
36038,1830.6057
36039,4524.0376
36040,2301.7588
36041,2771.8286
36042,2334.571
36043,2348.3674
36044,3994.401
36045,2230.1758
36046,6051.145
36047,2828.8062
36048,2665.7542
36049,4961.707
36050,3036.1873
36051,4250.208
36052,5666.1445
36053,2211.6729
36054,5412.396
36055,3021.7332
36056,2258.5063
36057,1379.2008
36058,1690.7549
36059,1795.2395
36060,4098.5215
36061,5782.303
36062,2561.8079
36063,2466.8306
36064,1514.2008
36065,2595.9053
36066,3646.5876
36067,1472.6233
36068,2269.6335
36069,1778.2517
36070,2997.6418
36071,3867.4536
36072,2605.3506
36073,3524.4082
36074,1338.1143
36075,2346.4053
36076,5022.7256
36077,3825.9736
36078,5897.9785
36079,3110.634
36080,1667.3375
36081,2894.5269
36082,3090.3965
36083,2396.2085
36084,1505.4133
36085,6042.7314
36086,3592.786
36087,1997.6241
36088,5189.2827
36089,2867.2637
36090,3610.266
36091,3980.6895
36092,2867.431
36093,2473.6765
36094,1707.6781
36095,1904.8746
36096,2081.883
36097,2274.8887
36098,4379.147
36099,2651.7588
36100,2879.3108
36101,2054.4377
36102,2428.556
36103,3294.743
36104,2043.9072
36105,2470.3079
36106,3421.3877
36107,2710.9973
36108,2772.1409
36109,4607.868
36110,4413.2437
36111,2595.7908
36112,3983.038
36113,3316.969
36114,2163.2693
36115,1768.4095
36116,3437.4956
36117,3881.151
36118,4517.716
36119,4778.9653
36120,1872.7935
36121,5338.987
36122,2214.5632
36123,3806.2373
36124,1917.6024
36125,3726.2837
36126,1953.7762
36127,5894.2935
36128,3605.6565
36129,7036.147
36130,2430.0771
36131,2716.9285
36132,1191.953
36133,1825.7273
36134,2029.4452
36135,1498.4155
36136,1504.8114
36137,1244.7863
36138,1917.611
36139,4201.762
36140,1192.9792
36141,2167.7825
36142,3193.6707
36143,1618.8369
36144,2521.2395
36145,4866.1616
36146,2184.1692
36147,4704.3345
36148,1625.8643
36149,2385.9717
36150,3278.902
36151,2717.8892
36152,2542.904
36153,1082.884
36154,2852.8157
36155,1880.7295
36156,3271.0662
36157,2128.4492
36158,1723.1475
36159,2791.5374
36160,2982.9055
36161,2888.781
36162,3028.2942
36163,2815.6802
36164,2333.0642
36165,4132.566
36166,2919.172
36167,2266.5896
36168,2373.2107
36169,5147.2837
36170,4251.997
36171,2817.0278
36172,2775.4065
36173,4613.1094
36174,2109.7969
36175,3134.6565
36176,1672.04
36177,4644.5117
36178,5280.8706
36179,2721.5063
36180,1249.6082
36181,1444.6532
36182,2718.1047
36183,2078.2222
36184,5884.712
36185,3005.7021
36186,2572.5823
36187,1661.9414
36188,4056.7742
36189,7033.9956
36190,1926.6451
36191,6020.57
36192,4762.615
36193,3334.5671
36194,2513.1028
36195,1988.8495
36196,2434.628
36197,5140.2344
36198,5472.14
36199,3628.9375
36200,3107.7334
36201,975.78326
36202,1692.0083
36203,1952.5459
36204,2696.4778
36205,2192.9705
36206,2360.0974
36207,1141.4398
36208,4679.302
36209,5339.5947
36210,1387.737
36211,2751.75
36212,1992.0018
36213,4034.0352
36214,4527.8623
36215,2933.8423
36216,1631.7386
36217,2412.8384
36218,3175.193
36219,2523.5728
36220,4714.905
36221,4062.8682
36222,6087.7456
36223,3270.9465
36224,4932.791
36225,3349.942
36226,2109.182
36227,4267.419
36228,2405.2566
36229,2434.554
36230,2520.6807
36231,3025.1653
36232,3847.8884
36233,1969.4739
36234,3103.2944
36235,5245.0317
36236,1504.085
36237,1378.497
36238,2758.0427
36239,4041.2773
36240,4030.6682
36241,5730.9707
36242,4050.697
36243,2333.782
36244,1702.2572
36245,2918.1318
36246,2044.4912
36247,2351.2263
36248,4385.5283
36249,1563.9059
36250,3576.8728
36251,2496.0303
36252,1810.4836
36253,3067.9578
36254,3435.9937
36255,3315.8867
36256,4404.5156
36257,1176.0632
36258,1604.7051
36259,1339.7538
36260,4158.5337
36261,2293.7075
36262,1005.32336
36263,1573.0708
36264,2913.439
36265,4794.1743
36266,5013.379
36267,1198.2836
36268,2150.8748
36269,2290.0674
36270,1555.3615
36271,6060.0254
36272,4639.358
36273,2398.4932
36274,2058.5833
36275,1431.434
36276,2876.463
36277,1717.083
36278,3040.6323
36279,2866.1284
36280,3007.0444
36281,4162.5884
36282,3641.2466
36283,2779.5347
36284,3003.5269
36285,2754.4578
36286,2908.7212
36287,6383.012
36288,3384.017
36289,2758.2922
36290,3316.33
36291,2375.6875
36292,2620.5146
36293,4086.1353
36294,2942.1843
36295,2437.6
36296,5321.491
36297,3228.292
36298,2039.6289
36299,1409.6885
36300,6828.9824
36301,1367.7472
36302,2339.395
36303,583.27716
36304,2123.958
36305,2976.9302
36306,2530.0774
36307,1696.1824
36308,3046.0571
36309,2509.8774
36310,2506.1016
36311,2888.8477
36312,3536.9187
36313,2386.585
36314,6592.582
36315,5131.0503
36316,4163.2803
36317,1355.8271
36318,3168.1348
36319,2359.1638
36320,3532.0586
36321,3422.905
36322,3712.9482
36323,2551.6824
36324,2104.4487
36325,2421.6978
36326,1677.9286
36327,1997.6624
36328,2435.7502
36329,2870.727
36330,2003.7656
36331,3386.9922
36332,3212.598
36333,4452.343
36334,3573.2397
36335,2935.5452
36336,4575.404
36337,1369.2998
36338,4338.1304
36339,2735.1877
36340,1665.0931
36341,4706.1265
36342,3830.839
36343,865.90015
36344,4225.281
36345,1280.8833
36346,4043.2852
36347,4409.3403
36348,2187.5537
36349,4458.8677
36350,1825.9288
36351,1828.9731
36352,2514.3618
36353,4060.925
36354,2049.2935
36355,1993.2275
36356,2390.6572
36357,3705.8542
36358,2510.1519
36359,2667.8857
36360,3963.976
36361,2055.9448
36362,2101.747
36363,2273.9429
36364,1918.526
36365,3220.0256
36366,3159.7678
36367,1596.3738
36368,3200.129
36369,6440.163
36370,3472.667
36371,2246.2175
36372,1812.4861
36373,1963.7317
36374,4021.747
36375,4401.757
36376,1907.265
36377,2774.9453
36378,4652.1826
36379,1855.8418
36380,2013.6179
36381,2014.9614
36382,1416.2407
36383,2699.5576
36384,891.27893
36385,2106.8557
36386,3103.3086
36387,2474.812
36388,1424.783
36389,3961.8684
36390,5776.559
36391,2934.026
36392,3324.1956
36393,2852.2607
36394,5105.6826
36395,1473.8981
36396,4197.6616
36397,2112.8682
36398,1676.6859
36399,4462.411
36400,2470.5488
36401,3179.6377
36402,5022.6484
36403,2219.7224
36404,5357.2397
36405,7059.003
36406,3302.371
36407,2695.06
36408,1722.6204
36409,4525.286
36410,1313.1971
36411,2467.1055
36412,1417.352
36413,5438.062
36414,2362.6416
36415,2498.8123
36416,3117.4573
36417,4133.5254
36418,2839.5051
36419,2865.6633
36420,4584.3325
36421,4230.1206
36422,1376.5211
36423,5949.2656
36424,3173.1804
36425,2127.19
36426,2986.649
36427,2079.5679
36428,2503.2395
36430,1403.3704
36431,6611.7446
36432,2764.3867
36433,2727.9692
36434,2587.4546
36435,2284.3384
36436,2054.5989
36437,2638.8098
36438,4778.4766
36439,2413.279
36440,4162.409
36441,3273.7732
36442,1596.679
36443,1185.4626
36444,2464.1519
36445,1415.4869
36446,3315.1755
36447,3544.6628
36448,1857.7788
36449,2855.1846
36450,5731.1953
36451,3981.663
36452,1931.881
36453,4273.5605
36454,2194.6204
36455,2693.2683
36456,2903.0378
36457,1456.0714
36458,3570.8245
36459,3702.3533
36460,2666.159
36461,2227.5034
36462,3422.0605
36463,1361.7698
36464,2176.028
36465,3695.28
36466,4582.8154
36467,7060.662
36468,2841.0486
36469,2537.1775
36470,3575.858
36471,3784.0383
36472,3127.1897
36473,581.2885
36474,1641.375
36475,4300.5366
36476,2877.4631
36477,1084.2087
36478,2792.5469
36479,5303.455
36480,1915.3698
36481,3052.633
36482,3334.1384
36483,1822.6558
36484,4141.3267
36485,2451.0437
36486,6780.3306
36487,2639.3289
36488,2032.2362
36489,962.79724
36490,1329.7179
36491,2984.3494
36492,2388.338
36493,857.0839
36494,5638.453
36495,1870.7882
36496,2381.8726
36497,4265.9126
36498,1431.5918
36499,4045.5286
36500,4781.2334
36501,5403.5986
36502,5643.5786
36503,4792.6626
36504,6191.247
36505,2448.1777
36506,2212.943
36507,2060.7139
36508,1780.4845
36509,5144.8813
36510,1792.1608
36511,1789.8265
36512,1587.8748
36513,4191.37
36514,2361.1292
36515,3642.5745
36516,884.3339
36517,2059.7925
36518,2466.03
36519,4877.3906
36520,2689.2263
36521,5730.464
36522,3018.3508
36523,1959.5868
36524,5953.4556
36525,3134.6357
36526,2086.6035
36527,1758.6157
36528,2028.3018
36529,1258.0977
36530,4079.9434
36531,1517.1141
36532,3153.7522
36533,3771.057
36534,2391.8901
36535,4985.9497
36536,2525.3613
36537,3459.8584
36538,2773.3342
36539,1769.6816
36540,3829.7427
36541,1908.6407
36542,2905.9717
36543,2182.5627
36544,2162.0881
36545,1619.1888
36546,2644.4753
36547,2367.8992
36548,2461.5886
36549,2535.1226
36550,1998.603
36551,2807.9917
36552,2186.672
36553,1455.1559
36554,2873.729
36555,1639.149
36556,1070.1053
36557,1501.0669
36558,1784.3282
36559,1864.4481
36560,1786.2821
36561,2297.5872
36562,2098.4934
36563,6830.1616
36564,2315.214
36565,3130.571
36566,3187.3323
36567,1867.2367
36568,3887.3154
36569,5223.8667
36570,3025.117
36571,1900.2261
36572,4515.486
36573,2023.1073
36574,5915.582
36575,1469.1483
36576,7664.2695
36577,3294.2876
36578,1314.667
36579,2393.1482
36580,1774.8214
36581,4110.5312
36582,1895.3049
36583,4725.106
36584,1675.275
36585,2755.2375
36586,2811.4297
36587,2701.2473
36588,1826.9309
36589,3146.2344
36590,6997.838
36591,2741.7158
36592,3989.4023
36593,3921.2124
36594,2076.826
36595,1406.1196
36596,3570.2412
36597,4582.041
36598,1846.9077
36599,2669.375
36600,2185.2144
36601,2995.5176
36602,3156.7915
36603,2712.1975
36604,2182.9888
36605,2718.7053
36606,5967.819
36607,4107.723
36608,3389.6543
36609,4050.634
36610,2239.1047
36611,1754.1494
36612,2246.2458
36613,2493.4426
36614,4637.9424
36615,1953.101
36616,1764.0005
36617,1380.628
36618,2189.3003
36619,2328.3977
36620,1983.5215
36621,4485.4453
36622,4516.748
36623,5280.1055
36624,3007.8782
36625,2125.5051
36626,2045.1547
36627,1341.7518
36628,2042.1835
36629,2689.8472
36630,1788.8834
36631,5094.5273
36632,5824.8193
36633,3040.5874
36634,2176.5664
36635,2814.8967
36636,1912.1212
36637,2188.8843
36638,5772.519
36639,1820.8214
36640,2695.644
36641,2805.5654
36642,1773.6748
36643,6627.812
36644,994.11084
36645,2307.8428
36646,4506.3184
36647,2742.4795
36648,1842.0499
36649,560.09955
36650,2971.1672
36651,2767.66
36652,3716.8623
36653,7325.058
36654,3300.4797
36655,2065.0315
36656,2272.349
36657,2984.6555
36658,2328.0872
36659,2265.908
36660,1776.8795
36661,1054.2301
36662,2797.875
36663,2647.987
36664,3419.0442
36665,3878.9102
36666,4915.855
36667,2278.361
36668,2960.9365
36669,2650.5818
36670,1937.4279
36671,2859.2322
36672,2645.7192
36673,4931.3154
36674,2229.0957
36675,1058.5105
36676,1439.2682
36677,4986.062
36678,2762.1838
36679,2481.1243
36680,2462.7844
36681,3322.4749
36682,3001.449
36683,3103.6816
36684,2729.0127
36685,2536.1028
36686,2268.9417
36687,1817.0107
36688,3162.3303
36689,3225.2808
36690,4104.823
36691,2452.3271
36692,1001.44867
36693,3151.8665
36694,2577.0127
36695,2060.2554
36696,1817.7443
36697,5831.235
36698,1475.4865
36699,2289.255
36700,2583.7488
36701,3543.933
36702,1952.9833
36703,2624.437
36704,3146.6553
36705,2079.378
36706,1879.4524
36707,2968.4424
36708,3125.166
36709,2902.1484
36710,1678.3414
36711,1509.872
36712,2063.678
36713,1939.9198
36714,6792.284
36715,1774.9501
36716,2036.4286
36717,2039.5156
36718,1478.6782
36719,1380.8059
36720,3046.4863
36721,2390.3364
36722,2196.231
36723,2677.1616
36724,2573.2236
36725,2459.1714
36726,3435.3408
36727,2779.3108
36728,1662.2227
36729,2998.956
36730,2656.4531
36731,2062.19
36732,6961.317
36733,2101.1765
36734,2854.772
36735,2277.6272
36736,3183.191
36737,1497.5337
36738,1604.3025
36739,2500.873
36740,2976.349
36741,2555.9314
36742,4097.3804
36743,3160.479
36744,9629.225
36745,2758.031
36746,3629.3955
36747,3245.204
36748,3766.554
36749,2420.9363
36750,2155.7205
36751,3238.4336
36752,2197.9883
36753,5067.0776
36754,5396.176
36755,6714.8916
36756,1822.7252
36757,1656.7805
36758,3920.0176
36759,4927.726
36760,4167.782
36761,3306.5063
36762,3108.1274
36763,2834.3564
36764,5847.3945
36765,1667.4884
36766,4976.388
36767,2285.5562
36768,2120.7832
36769,2201.998
36770,3986.107
36771,3840.0613
36772,3803.6245
36773,3396.3984
36774,2263.8652
36775,1972.7515
36776,3181.3843
36777,3016.5269
36778,1551.144
36779,1286.165
36780,2520.3655
36781,1523.1237
36782,471.4399
36783,3219.986
36784,4231.8115
36785,2784.4624
36786,1421.6539
36787,4171.778
36788,2785.5215
36789,2797.9744
36790,2577.347
36791,1791.1611
36792,6688.6113
36793,1742.2734
36794,2915.868
36795,1966.0427
36796,1594.4542
36797,2332.3953
36798,4543.625
36799,1529.9482
36800,3534.379
36801,3726.4888
36802,4445.3213
36803,4113.8125
36804,1214.8077
36805,3933.5215
36806,4104.631
36807,1033.459
36808,1741.3125
36809,3473.5916
36810,3874.0513
36811,4471.876
36812,1102.7944
36813,3569.0417
36814,1192.8108
36815,2822.17
36816,1184.6595
36817,3729.4497
36818,1862.3967
36819,1703.8538
36820,2326.962
36821,4492.481
36822,1973.6782
36823,857.6601
36824,2517.8403
36825,2574.1829
36826,2554.8557
36827,3393.157
36828,1700.1226
36829,2543.1682
36830,7418.3096
36831,3142.615
36832,1511.2975
36833,1861.1895
36834,2966.675
36835,2295.6843
36836,6384.237
36837,3739.2417
36838,3406.9211
36839,3628.3127
36840,2991.7532
36841,1519.6632
36842,2084.8474
36843,1919.7256
36844,1825.0941
36845,3018.2034
36846,3468.318
36847,3571.0388
36848,3290.345
36849,2172.1726
36850,4613.1523
36851,1213.0775
36852,2395.021
36853,3005.829
36854,2311.372
36855,3628.76
36856,2714.7495
36857,2659.018
36858,3055.1262
36859,5126.426
36860,3384.8687
36861,2365.5679
36862,3262.0334
36863,2803.2097
36864,2832.3352
36865,4208.907
36866,2292.2966
36867,3246.708
36868,2479.9255
36869,3176.3186
36870,2471.19
36871,3484.341
36872,2042.385
36873,2382.9287
36874,5327.4404
36875,2902.2312
36876,3921.7595
36877,1466.1527
36878,2768.0754
36879,2949.8281
36880,3522.7834
36881,3625.3801
36882,2287.8872
36883,1842.4069
36884,1121.1133
36885,1982.4111
36886,2000.2997
36887,1736.1506
36888,2545.2605
36889,4048.4155
36890,3186.983
36891,7086.923
36892,3191.7793
36893,3580.1033
36894,6530.5303
36895,2866.5107
36896,4312.5894
36897,2342.0986
36898,2430.728
36899,3001.864
36900,2716.3752
36901,3484.916
36902,3377.5957
36903,2930.6428
36904,4197.487
36905,3933.9663
36906,5773.1953
36907,2177.7488
36908,2916.806
36909,3514.1118
36910,2106.4866
36911,1369.2771
36912,2523.1787
36913,1462.7466
36914,3380.4014
36915,2880.4524
36916,1741.1914
36917,2302.687
36918,1746.3916
36919,2483.0847
36920,4390.5947
36921,3873.88
36922,1655.4514
36923,2372.3137
36924,3084.3552
36925,3615.8374
36926,1800.1213
36927,4429.283
36928,1133.5189
36929,3504.376
36930,1332.3577
36931,3014.6584
36932,1331.7178
36933,1725.3882
36934,3874.9375
36935,1487.0474
36936,1465.6305
36937,2147.3235
36938,1494.2019
36939,5142.0957
36940,2610.7354
36941,2935.242
36942,4992.1826
36943,4345.3545
36944,6004.934
36945,1331.6095
36946,1953.6656
36947,981.0411
36948,2698.8835
36949,2302.1143
36950,2595.4001
36951,2875.032
36952,2860.5222
36953,1709.6058
36954,2433.5984
36955,4989.8857
36956,5390.151
36957,3868.4673
36958,2350.545
36959,3082.2175
36960,2164.0974
36961,4507.246
36962,2846.8633
36963,4411.9985
36964,11572.034
36965,2799.5208
36966,5166.801
36967,1626.3672
36968,4078.8188
36969,2213.4297
36970,1416.6838
36971,2470.9778
36972,1782.9937
36973,1494.8522
36974,4061.73
36975,1102.9202
36976,4118.6943
36977,1945.0608
36978,3065.5605
36979,3364.2312
36980,5377.843
36981,2465.9517
36982,1812.5223
36983,1284.1985
36984,1571.8293
36985,2776.7432
36986,1896.1085
36987,3167.4678
36988,1742.5502
36989,2448.8843
36990,946.9584
36991,3233.8586
36992,2885.4062
36993,1337.9789
36994,1049.0967
36995,1806.3196
36996,3154.931
36997,2326.189
36998,4271.8584
36999,2921.4656
37000,4972.4517
37001,2430.0684
37002,2427.3083
37003,1431.6802
37004,1738.7859
37005,1955.6517
37006,1764.1174
37007,1990.2325
37008,2389.2358
37009,1018.6033
37010,2614.5354
37011,3114.8003
37012,3427.602
37013,3199.7434
37014,2121.084
37015,2466.9746
37016,2169.0896
37017,1687.2485
37018,1637.5054
37019,2247.543
37020,4236.951
37021,2900.5974
37022,2833.117
37023,2101.0315
37024,1493.5491
37025,2831.6357
37026,2396.2668
37027,2110.8616
37028,2508.37
37029,5962.389
37030,1101.1041
37031,2799.8508
37032,1294.3596
37033,1773.8127
37034,4338.3516
37035,2213.7664
37036,2538.0928
37037,5008.4917
37038,1686.5533
37039,1274.6625
37040,2574.1282
37041,2471.845
37042,2590.554
37043,1147.1011
37044,1542.9833
37045,2181.8115
37046,1664.7072
37047,569.7672
37048,1736.6865
37049,3176.9038
37050,1457.7078
37051,2388.294
37052,3102.2988
37053,2683.702
37054,2739.2878
37055,3118.0994
37056,4100.3833
37057,4501.6797
37058,1560.2706
37059,5340.871
37060,1961.9086
37061,2744.1013
37062,4243.7915
37063,1972.3348
37064,1965.334
37065,3795.2449
37066,2666.7908
37067,1904.1315
37068,4350.443
37069,3598.4136
37070,2819.9497
37071,2422.5547
37072,2571.364
37073,2662.8486
37074,8435.464
37075,3818.9954
37076,4218.424
37077,3155.4307
37078,2668.4214
37079,2631.287
37080,2472.3572
37081,1944.8513
37082,2057.6917
37083,4585.2383
37084,2644.5015
37085,2239.3242
37086,2855.322
37087,4549.475
37088,4296.463
37089,2038.4413
37090,1857.5537
37091,4021.8936
37092,2125.5835
37093,3199.4375
37094,3215.9758
37095,3863.8057
37096,1452.8035
37097,5370.05
37098,2392.3347
37099,1994.1008
37100,1107.7347
37101,5061.215
37102,2437.07
37103,3382.213
37104,6433.6777
37105,1688.9723
37106,2977.382
37107,6549.532
37108,3280.66
37109,2090.1194
37110,1562.0944
37111,8015.282
37112,1956.8519
37113,3039.5852
37114,3747.631
37115,3006.2659
37116,5661.8584
37117,3270.38
37118,3936.1394
37119,2169.5735
37120,4162.904
37121,2333.4446
37122,1678.0471
37123,4355.8374
37124,3566.3179
37125,2646.5154
37126,2463.141
37127,1952.4242
37128,3179.1846
37129,3006.4392
37130,2553.833
37131,1533.5697
37132,2220.169
37133,1666.5964
37134,2425.2405
37135,2383.8965
37136,2554.7842
37137,1772.187
37138,1647.9199
37139,3552.5972
37140,2579.91
37141,1938.9532
37142,2159.5872
37143,5205.039
37144,1887.9745
37145,2668.9534
37146,2282.4065
37147,3055.168
37148,5792.55
37149,1726.1096
37150,2171.2988
37151,1183.0338
37152,1466.1465
37153,3720.9604
37154,1982.1283
37155,1712.3885
37156,2288.77
37157,2083.4849
37158,3779.3596
37159,3568.9546
37160,1474.2369
37161,6795.305
37162,2246.095
37163,1688.0583
37164,2136.376
37165,3250.448
37166,3082.1562
37167,2475.199
37168,1776.191
37169,3263.081
37170,9100.343
37171,2939.6921
37172,1812.6068
37173,1881.2372
37174,3416.0364
37175,2243.3267
37176,2851.6594
37177,3620.469
37178,3167.211
37179,2489.9675
37180,1001.2586
37181,1625.2346
37182,3175.7598
37183,1569.9113
37184,2082.3782
37185,5135.7715
37186,2615.9878
37187,1672.0454
37188,2906.4312
37189,594.9018
37190,2339.5388
37191,1386.4015
37192,2350.2014
37193,3261.97
37194,2023.9213
37195,2449.4148
37196,2217.4553
37197,2015.3063
37198,3672.2625
37199,4387.9
37200,3991.5825
37201,1596.519
37202,5220.419
37203,2908.2778
37204,3182.2495
37205,2105.7456
37206,2693.3755
37207,4691.1763
37208,3150.367
37209,1455.6909
37210,4278.079
37211,1136.3302
37212,1585.1244
37213,2146.4417
37214,866.717
37215,4778.0996
37216,1947.0536
37217,4453.422
37218,2427.6292
37219,7339.27
37220,1925.7711
37221,2248.1616
37222,1610.5635
37223,1833.035
37224,4153.732
37225,2425.4382
37226,2567.7463
37227,3122.4514
37228,1390.6261
37229,2303.7007
37230,3853.7979
37231,1330.781
37232,3098.2026
37233,2518.9597
37234,1507.645
37235,5123.3584
37236,3559.1228
37237,1427.4421
37238,2444.3586
37239,4824.8784
37240,2591.6965
37241,4616.9775
37242,2508.0117
37243,1115.0657
37244,1442.7264
37245,2565.8835
37246,2984.1423
37247,3238.166
37248,3559.0046
37249,2648.4146
37250,2456.6692
37251,3185.35
37252,2934.4421
37253,4946.7886
37254,4646.651
37255,1557.2744
37256,3665.3152
37257,1600.6218
37258,4766.8286
37259,1071.4822
37260,2882.1292
37261,2679.5256
37262,2224.8762
37263,4407.3853
37264,3436.409
37265,4436.704
37266,1274.9894
37267,5077.0176
37268,4213.3945
37269,1106.852
37270,1799.3971
37271,5269.3745
37272,2908.774
37273,3239.7266
37274,3238.053
37275,2192.1187
37276,7894.6543
37277,1270.5305
37278,3503.328
37279,6322.679
37280,1821.2737
37281,2520.7844
37282,3673.4512
37283,2353.439
37284,1248.0092
37285,2213.6814
37286,2843.8542
37287,1672.5206
37288,3856.6697
37289,2819.2305
37290,4125.6826
37291,1144.3065
37292,4410.973
37293,2421.2551
37294,1381.5529
37295,3756.44
37296,1875.9905
37297,2302.5159
37298,2466.442
37299,2531.476
37300,4653.2144
37301,3296.6736
37302,2308.2568
37303,1206.835
37304,4299.307
37305,2346.048
37306,2101.1924
37307,2100.545
37308,1695.0088
37309,3317.6406
37310,2216.7998
37311,3059.4895
37312,2820.3545
37313,5890.724
37314,2108.343
37315,2524.7144
37316,1700.2626
37317,4553.6846
37318,1455.9208
37319,3418.6367
37320,3035.192
37321,3042.3147
37322,2044.2147
37323,3463.978
37324,1216.6707
37325,3353.9102
37326,4367.269
37327,6018.7993
37328,2590.3982
37329,2160.025
37330,1998.2699
37331,6900.024
37332,1703.5422
37333,6653.1685
37334,2219.9224
37335,3109.8826
37336,1755.0253
37337,3367.4219
37338,2733.4631
37339,6115.5557
37340,5879.682
37341,1867.6327
37342,2251.4248
37343,3225.3867
37344,3413.3655
37345,1258.7412
37346,1220.6047
37347,3150.608
37348,4759.9243
37349,1942.7423
37350,3579.022
37351,2341.4814
37352,3275.4832
37353,3912.2427
37354,2192.4043
37355,4457.472
37356,4170.7524
37357,2132.638
37358,2079.778
37359,2745.1091
37360,2309.8357
37361,4609.045
37362,5857.8145
37363,1950.5345
37364,3127.8374
37365,1674.8936
37366,1565.2351
37367,2215.2058
37368,3115.471
37369,1418.4657
37370,1300.6619
37371,2503.0095
37372,2479.578
37373,2913.0168
37374,2824.955
37375,2831.7788
37376,2881.6143
37377,2680.9731
37378,2017.8334
37379,1893.402
37380,1736.5977
37381,5051.15
37382,1099.904
37383,2091.2766
37384,2036.2188
37385,3817.0808
37386,1493.3463
37387,2665.5981
37388,1708.7451
37389,1508.7317
37390,1948.7601
37391,5421.007
37392,6007.198
37393,4623.5786
37394,4830.47
37395,1738.0385
37396,2268.4216
37397,3823.6538
37398,3043.7556
37399,857.62506
37400,2191.3145
37401,2617.691
37402,2521.9824
37403,1698.0444
37404,878.6772
37405,2764.7305
37406,4009.886
37407,2410.8384
37408,3017.4502
37409,2799.8904
37410,1601.4075
37411,3357.981
37412,2217.3054
37413,1958.3046
37414,1645.0447
37415,2230.804
37416,2181.5044
37417,2896.7493
37418,1353.0519
37419,4748.244
37420,1967.818
37421,1115.9762
37422,5028.794
37423,1973.4042
37424,1355.9374
37425,2745.956
37426,4857.2095
37427,3681.2766
37428,2117.467
37429,2826.5332
37430,7221.479
37431,2010.974
37432,2169.4731
37433,6556.4307
37434,2117.824
37435,3973.2278
37436,1246.8912
37437,4011.3264
37438,4740.752
37439,3287.3496
37440,3289.873
37441,2772.9873
37442,1285.9902
37443,5997.8604
37444,2080.6907
37445,1779.8165
37446,2759.3594
37447,3857.869
37448,2478.389
37449,2599.5852
37450,2124.324
37452,2713.2263
37453,2550.0933
37454,2664.8816
37455,2871.7695
37456,2292.6863
37457,4688.98
37458,1855.7306
37459,2729.277
37460,2716.987
37461,1828.647
37462,2197.7415
37463,2570.7576
37464,5099.384
37465,1827.3395
37466,2398.4592
37467,4348.286
37468,13878.26
37469,4843.2334
37470,2620.4587
37471,1494.2921
37472,7825.8447
37473,4500.6025
37474,1656.9298
37475,2364.4614
37476,1553.119
37477,3875.0403
37478,4901.321
37479,4530.0977
37480,2883.495
37481,3083.3896
37482,1228.9987
37483,4746.259
37484,1278.0626
37485,2788.9263
37486,4384.018
37487,2156.006
37488,2231.327
37489,3016.8357
37490,3963.2686
37491,2766.39
37492,2630.3909
37493,2204.1775
37494,1137.5331
37495,4171.613
37496,1881.7108
37497,4340.1455
37498,2041.6871
37499,3978.0066
37500,3048.9475
37501,6337.591
37502,3072.6047
37503,3492.0981
37504,3494.1506
37505,1235.5283
37506,4993.7773
37507,2847.6252
37508,2905.256
37509,2472.731
37510,3503.8735
37511,4916.259
37512,7074.7646
37513,1379.7527
37514,1639.0437
37515,3284.822
37516,2500.807
37517,3064.2346
37518,3090.906
37519,1380.7917
37520,3818.6191
37521,3356.3682
37522,2779.922
37523,3143.1287
37524,4227.7397
37525,1639.8904
37526,1219.0723
37527,6031.935
37528,1566.1104
37529,4217.811
37530,3789.9163
37531,1735.9298
37532,1300.8771
37533,2925.2751
37534,1393.674
37535,880.06494
37536,6468.045
37537,2562.1226
37538,4152.384
37539,4043.5166
37540,2834.5444
37541,4438.8687
37542,2741.6685
37543,2921.9053
37544,4457.414
37545,2435.5266
37546,10237.414
37547,4285.7593
37548,1697.2404
37549,1178.7662
37550,4642.624
37551,5339.631
37552,3518.0308
37553,3486.6926
37554,2301.6501
37555,2482.4512
37556,2634.1362
37557,2891.2498
37558,1982.596
37559,2870.5276
37560,2314.018
37561,2436.2546
37562,1711.4891
37563,2001.7981
37564,1944.5017
37565,1961.018
37566,3501.4634
37567,2190.4172
37568,1688.0253
37569,3338.3213
37570,4533.399
37571,1628.7408
37572,2192.8762
37573,3792.3623
37574,2568.334
37575,3101.7031
37576,6371.682
37577,2222.1033
37578,3215.763
37579,2444.5903
37580,2622.4631
37581,3854.7507
37582,2157.5232
37583,814.3891
37584,1873.3247
37585,1875.361
37586,3574.13
37587,2271.004
37588,1444.0187
37589,2350.8354
37590,5434.386
37591,4094.162
37592,2169.294
37593,3252.6418
37594,1760.5614
37595,4857.224
37596,2135.096
37597,4192.672
37598,2813.649
37599,3487.5422
37600,1683.8087
37601,1439.8466
37602,3562.2507
37603,2049.664
37604,2048.1033
37605,3593.993
37606,1629.6501
37607,2170.2166
37608,4382.305
37609,1229.0651
37610,3300.0854
37611,4969.7573
37612,2461.3083
37613,2356.0205
37614,3147.3318
37615,5865.33
37616,2218.1172
37617,1931.3643
37618,5733.818
37619,1632.365
37620,2410.6553
37621,1055.8839
37622,4548.995
37623,2154.494
37624,2336.9978
37625,1572.5543
37626,1917.3282
37627,2318.0247
37628,1126.2
37629,1283.286
37630,2967.314
37631,3746.9177
37632,1724.443
37633,2730.229
37634,1957.8047
37635,2276.6594
37636,2332.3926
37637,2091.979
37638,1074.0194
37639,2569.2273
37640,2163.9958
37641,3825.0854
37642,9454.628
37643,5435.84
37644,1878.1094
37645,4000.0432
37646,4786.5693
37647,1729.5966
37648,1954.3308
37649,3856.6233
37650,3908.0017
37651,1975.3151
37652,4445.361
37653,2211.462
37654,2505.6108
37655,1597.5378
37656,2324.6353
37657,1867.83
37658,2770.5361
37659,5841.0205
37660,2082.3523
37661,1400.8094
37662,1982.2678
37663,2131.528
37664,2853.549
37665,2543.4841
37666,3484.3442
37667,728.15063
37668,2360.8157
37669,2280.169
37670,3830.7144
37671,2034.0151
37672,2909.2327
37673,4447.6675
37674,5673.162
37675,3609.4
37676,2084.638
37677,2384.4265
37678,1573.6351
37679,3408.618
37680,4195.1543
37681,3323.9258
37682,2602.2625
37683,1934.1921
37684,1538.6204
37685,4746.9805
37686,2402.939
37687,1923.0016
37688,1605.2753
37689,2350.2122
37690,5532.5674
37691,3439.0193
37692,2305.0615
37693,4974.1733
37694,3900.1523
37695,1875.1472
37696,4376.8833
37697,1259.1174
37698,3865.9358
37699,4523.481
37700,4215.515
37701,2641.4885
37702,2798.3047
37703,5002.1187
37704,2348.101
37705,3636.136
37706,1647.7894
37707,1985.6206
37708,2949.666
37709,1490.8562
37710,2825.5632
37711,1031.9371
37712,3800.1475
37713,3020.751
37714,1606.1488
37715,4483.945
37716,3777.421
37717,3590.486
37718,3819.412
37719,1960.2212
37720,3163.7854
37721,1949.6261
37722,2222.0278
37723,4028.368
37724,3606.063
37725,2814.5522
37726,1900.5671
37727,2554.225
37728,1223.9766
37729,2116.2976
37730,3290.3171
37731,2478.9465
37732,3508.9705
37733,2158.435
37734,1808.8253
37735,2803.8406
37736,2134.377
37737,630.19415
37738,2578.5168
37739,1536.0468
37740,1758.5612
37741,5550.3013
37742,4337.5576
37743,1906.1779
37744,1630.7604
37745,2271.985
37746,3727.5376
37747,2486.1162
37748,1983.8971
37749,1677.5256
37750,1526.8928
37751,2384.2998
37752,5483.236
37753,2110.4353
37754,3427.0615
37755,2562.8718
37756,1940.5781
37757,2222.6921
37758,1833.0432
37759,1460.8921
37760,4411.2974
37761,2350.4546
37762,734.3272
37763,4643.4688
37764,536.36566
37765,2013.8535
37766,1725.9298
37767,3831.9275
37768,2842.1643
37769,2275.6096
37770,3901.7986
37771,4724.5044
37772,2424.7214
37773,3411.5752
37774,1989.7966
37775,4799.2114
37776,2789.705
37777,3069.1653
37778,1215.8386
37779,3926.5251
37780,2866.577
37781,3408.583
37782,2325.8223
37783,2655.4922
37784,7048.5894
37785,2088.887
37786,2661.9883
37787,6801.62
37788,1774.2677
37789,4548.165
37790,2624.4749
37791,4034.3984
37792,1023.68604
37793,5332.9663
37794,2812.7722
37795,6529.413
37796,3813.754
37797,2220.2302
37798,2040.9218
37799,1594.8323
37800,2848.895
37801,4580.5083
37802,1723.0018
37803,2153.143
37804,2616.031
37805,3938.3396
37806,2574.4182
37807,2645.5981
37808,1942.6533
37809,4909.891
37810,2028.0028
37811,4083.1802
37812,6087.778
37813,4237.9307
37814,2972.5725
37815,3157.9915
37816,3086.6685
37817,4350.2417
37818,3921.1135
37819,2851.6326
37820,2771.344
37821,2730.7244
37822,2482.2278
37823,3696.2441
37824,3485.6892
37825,4688.727
37826,3684.5693
37827,1403.15
37828,6172.4297
37829,2084.0906
37830,1155.419
37831,1943.4062
37832,3079.1304
37833,2128.3086
37834,2017.2318
37835,3620.3064
37836,2282.0574
37837,4136.0825
37838,2295.4343
37839,1904.7721
37840,1787.1047
37841,2569.3003
37842,2680.0786
37843,2337.7803
37844,2342.3506
37845,883.88446
37846,2305.9438
37847,2982.392
37848,2433.1638
37849,3253.2214
37850,3284.881
37851,5656.113
37852,6341.76
37853,2538.0862
37854,3219.378
37855,3812.6414
37856,1858.4097
37857,4400.827
37858,4223.4214
37859,2635.2969
37860,4382.314
37861,2145.043
37862,3234.5588
37863,3327.9023
37864,2558.732
37865,2252.891
37866,1982.2002
37867,4382.1123
37868,5098.7397
37869,2624.4504
37870,5682.429
37871,808.7074
37872,1995.2039
37873,4625.4443
37874,3094.9849
37875,2605.1392
37876,5610.9785
37877,1608.9618
37878,3935.0234
37879,2765.6184
37880,2020.4341
37881,2389.5361
37882,3629.8452
37883,4701.2715
37884,2738.6953
37885,5033.7617
37886,1005.60846
37887,3964.3074
37888,10248.284
37889,4013.7124
37890,3976.8008
37891,1572.5071
37892,5941.3965
37893,1512.0762
37894,3408.608
37895,1690.1808
37896,4420.6123
37897,1281.964
37898,5550.268
37899,2649.5837
37900,1204.352
37901,2522.7954
37902,2201.3154
37903,2579.9404
37904,1524.7982
37905,2281.3477
37906,3052.6238
37907,2501.9097
37908,2863.5918
37909,1350.586
37910,5872.3677
37911,3077.94
37912,1724.1848
37914,4192.327
37915,4638.145
37916,1548.0442
37917,2530.7754
37918,4266.491
37919,1971.9984
37920,3178.0017
37921,1733.636
37922,3801.8152
37923,2135.6033
37924,2832.423
37925,3124.7207
37926,1206.1442
37927,5181.859
37928,3083.6414
37929,2525.5452
37930,1936.0676
37931,1414.4338
37932,2825.4897
37933,4444.543
37934,6303.144
37935,2499.4531
37936,2550.0364
37937,3068.356
37938,4454.635
37939,3417.4788
37940,3968.0593
37941,1681.6432
37942,5548.634
37943,2223.8035
37944,2451.8328
37945,2559.6245
37946,4831.8896
37947,3798.6753
37948,3423.948
37949,1758.3777
37950,1623.3325
37951,2275.706
37952,2512.9507
37953,2195.9197
37954,4731.823
37955,2120.8777
37956,2536.37
37957,2820.3762
37958,2269.7346
37959,1872.305
37960,7729.687
37961,2350.9956
37962,2411.2354
37963,2884.3455
37964,3018.6394
37965,2373.834
37966,2870.8894
37967,1456.1328
37968,1531.9207
37969,1932.2114
37970,3498.6345
37971,4799.37
37972,2217.8481
37973,3014.071
37974,2390.6506
37975,4348.255
37976,2913.8
37977,1923.4718
37978,6389.95
37979,4588.5835
37980,3663.7964
37981,1947.3098
37982,1990.9346
37983,2777.8005
37984,3730.417
37985,1057.8916
37986,2177.4365
37987,2464.4434
37988,1983.1879
37989,2085.1326
37990,3000.6665
37991,2732.0012
37992,1963.9213
37993,1970.0127
37994,4324.779
37995,2005.2351
37996,2523.853
37997,3781.34
37998,872.8995
37999,1417.7542
38000,4379.2563
38001,2592.2925
38002,1923.689
38003,2245.3865
38004,2299.9216
38005,3583.9072
38006,2299.6272
38007,2891.1707
38008,6978.3823
38009,2954.9958
38010,3076.7832
38011,3361.647
38012,3722.4155
38013,4615.939
38014,959.3811
38015,3911.0205
38016,2338.239
38017,2048.4211
38018,4058.4707
38019,2582.4778
38020,5312.021
38021,1743.4147
38022,3386.313
38023,1893.3707
38024,2483.7642
38025,2050.9705
38026,3042.0627
38027,5531.6094
38028,4408.753
38029,2570.631
38030,1525.2533
38031,2746.1262
38032,2561.7407
38033,2829.363
38034,4788.1094
38035,4801.923
38036,2966.7256
38037,2864.578
38038,2237.696
38039,1934.5929
38040,3610.3462
38041,1739.9144
38042,1853.3358
38043,2524.355
38044,2321.3262
38045,2466.8767
38046,4613.4395
38047,2525.7656
38048,1449.4988
38049,3791.5342
38050,2547.1028
38051,1801.8198
38052,2526.195
38053,1714.7311
38054,2871.7886
38055,2970.1187
38056,4480.9805
38057,6899.7886
38058,2097.966
38059,2135.144
38060,1584.3857
38061,3289.5972
38062,3390.3638
38063,2957.3926
38064,2641.369
38065,6211.0376
38066,2379.1416
38067,1941.0281
38068,2314.115
38069,1682.2736
38070,2296.3723
38071,1588.392
38072,3140.4614
38073,1878.3671
38074,1777.3389
38075,1114.5825
38076,3295.9973
38077,2554.7463
38078,3289.807
38079,3273.1375
38080,1978.3054
38081,2662.4636
38082,3261.8088
38083,1943.6683
38084,1467.8635
38085,4470.425
38086,9126.743
38087,2551.8967
38088,4442.983
38089,1974.6996
38090,2149.3923
38091,2463.6677
38092,1444.2839
38093,2218.8823
38094,809.16876
38095,1064.2914
38096,1630.3212
38097,2547.792
38098,3480.0757
38099,4352.4385
38100,2460.7085
38101,4104.9165
38102,2061.6162
38103,3290.3845
38104,1670.9061
38105,2051.9568
38106,5373.086
38107,4430.8306
38108,1748.1416
38109,2714.5823
38110,1456.9238
38111,4865.1333
38112,1607.513
38113,2452.3127
38114,1701.5079
38115,1155.1975
38116,2413.4502
38117,2385.7383
38118,1179.2974
38119,4007.015
38120,5213.9663
38121,2331.442
38122,1512.0469
38123,2675.261
38124,3641.5884
38125,2456.0208
38126,2310.6733
38127,3654.7712
38128,4637.812
38129,3059.571
38130,2535.4275
38131,3811.9624
38132,2112.7388
38133,1856.2461
38134,2948.3655
38135,2147.3445
38136,4448.646
38137,2492.9111
38138,4277.935
38139,5559.297
38140,2079.3547
38141,4172.031
38142,3338.723
38143,3650.2954
38144,2837.2122
38145,1244.9115
38146,1176.7732
38147,3865.8562
38148,1840.1052
38149,4569.2095
38150,1663.1633
38151,3865.3625
38152,3678.2358
38153,1784.7454
38154,3024.9092
38155,1933.4073
38156,1870.6885
38157,2609.6995
38158,1854.8118
38159,2512.3076
38160,2124.8987
38161,2490.4883
38162,2988.5579
38163,2034.2214
38164,3097.675
38165,3250.9492
38166,1567.193
38167,3747.5732
38168,1801.0691
38169,2697.8748
38170,3578.783
38171,2389.3896
38172,4133.2324
38173,3911.541
38174,2486.8374
38175,2735.3328
38176,1771.93
38177,2489.5059
38178,3597.9958
38179,2559.2947
38180,3042.6934
38181,5162.713
38182,3260.0015
38183,861.1845
38184,1850.8766
38185,2366.444
38186,3018.1409
38187,3335.8115
38188,2198.331
38189,6376.8306
38190,2917.5286
38191,2792.4856
38192,540.5829
38193,3501.2996
38194,3092.5625
38195,2793.7874
38196,3046.1836
38197,3220.075
38198,3621.4612
38199,2041.0538
38200,1745.2595
38201,2857.8691
38202,1371.5173
38203,1637.4865
38204,2757.1868
38205,4049.2424
38206,1242.4315
38207,977.30035
38208,1647.9425
38209,5641.027
38210,3149.3228
38211,6067.7305
38212,1743.5996
38213,2324.421
38214,2843.894
38215,4209.866
38216,4573.4443
38217,5587.1875
38218,1467.442
38219,2689.811
38220,2245.191
38221,2752.4016
38222,2194.763
38223,2261.6807
38224,2827.089
38225,4295.1367
38226,2319.968
38227,2189.8872
38228,4708.923
38229,1394.1659
38230,2414.961
38231,1244.8939
38232,3264.6165
38233,3399.9526
38234,4095.6829
38235,2140.4006
38236,2454.1833
38237,5828.392
38238,4920.597
38239,1558.0413
38240,2780.9395
38241,2801.88
38242,4685.25
38243,2940.359
38244,4223.2324
38245,5635.388
38246,2896.7583
38247,2470.0696
38248,4736.732
38249,3934.1987
38250,3724.9219
38251,1717.1554
38252,1298.7461
38253,2065.4133
38254,3320.7224
38255,2904.715
38256,4405.896
38257,1979.9132
38258,3948.3677
38259,2982.2761
38260,1543.0242
38261,5142.379
38262,6232.46
38263,2616.631
38264,2254.167
38265,1391.1537
38266,997.8066
38267,3881.3892
38268,3084.4104
38269,2066.1626
38270,2758.921
38271,1271.3413
38272,3608.1492
38273,3010.3035
38274,4897.9263
38275,5466.353
38276,2153.2407
38277,2342.9336
38278,3414.8362
38279,3190.3386
38280,8450.978
38281,1038.3584
38282,2284.8052
38283,2096.026
38284,3204.2827
38285,2786.334
38286,3160.4807
38287,2260.0168
38288,3126.2185
38289,3909.5454
38290,5193.605
38291,1461.3219
38292,2420.61
38293,3218.173
38294,2864.662
38295,1831.0908
38296,6868.1025
38297,4268.8354
38298,2868.5688
38299,6527.705
38300,2978.2769
38301,5516.605
38302,3760.6677
38303,4349.6504
38304,4495.1626
38305,2704.1814
38306,3128.93
38307,4050.5496
38308,8613.824
38309,4571.8447
38310,1620.13
38311,6524.8735
38312,1690.2504
38313,972.44806
38314,973.2819
38315,3063.7026
38316,4981.0557
38317,4888.5435
38318,4055.8044
38319,2408.7712
38320,3095.066
38321,2898.6282
38322,2836.9446
38323,2046.1805
38324,3426.143
38325,2504.2527
38326,1638.3783
38327,2971.7827
38328,2538.4578
38329,6046.0327
38331,2793.6606
38332,2150.97
38333,1660.8263
38334,2235.0042
38335,1443.1002
38336,3919.3079
38337,1866.0709
38338,2522.9973
38339,3047.7773
38340,2750.4507
38341,2576.7043
38342,1935.1923
38343,2616.4854
38344,1895.267
38345,2668.784
38346,2726.5415
38347,3814.036
38348,2357.6926
38349,1580.2655
38350,2866.5117
38351,4025.1545
38352,2211.511
38353,3260.6694
38354,8602.74
38355,4560.697
38356,2483.121
38357,4558.382
38358,1777.2432
38359,2586.6587
38360,2521.7095
38361,4616.7363
38362,2750.5706
38363,3152.8555
38364,1722.335
38365,4359.6
38366,6801.739
38367,2935.7686
38368,1915.8121
38369,630.296
38370,2270.836
38371,3700.3987
38372,3083.2317
38373,2218.3806
38374,1305.7544
38375,2400.5066
38376,2232.8633
38377,3118.5317
38378,1977.2964
38379,3691.5654
38380,4032.6729
38381,2602.8909
38382,2045.4784
38383,2394.3735
38384,2112.0088
38385,5864.2188
38386,2877.8044
38387,2485.669
38388,1323.3733
38389,2308.5425
38390,2882.0867
38391,5766.914
38392,2381.6748
38393,3986.4578
38394,3435.1409
38395,2185.4949
38396,2240.5686
38397,6955.767
38398,4105.779
38399,2025.6868
38400,2905.127
38401,2022.7762
38402,2530.8308
38403,2539.149
38404,1286.3198
38405,2450.6338
38406,7303.201
38407,3997.5735
38408,736.5731
38409,2253.0593
38410,3848.451
38411,2297.6733
38412,3563.902
38413,2802.269
38414,3267.883
38415,2820.7031
38416,3561.1106
38417,2224.3706
38418,1627.0165
38419,3472.1294
38420,1468.0952
38421,4065.611
38422,3492.4902
38423,1041.0183
38424,2424.4893
38425,3306.041
38426,2629.4653
38427,2295.581
38428,4416.0386
38429,2458.8687
38430,4941.493
38431,2567.268
38432,2946.1238
38433,4545.225
38434,1233.3708
38435,2173.708
38436,3122.8027
38437,4009.3164
38438,1156.0763
38439,2475.1807
38440,1084.4572
38441,3281.662
38442,1313.8204
38443,5556.979
38444,1931.5981
38445,1778.3733
38446,5637.343
38447,3876.257
38448,2774.7256
38449,2523.4998
38450,2403.8223
38451,2789.858
38452,2892.9546
38453,2571.1316
38454,2645.615
38455,2265.7766
38456,1286.0377
38457,3554.7524
38458,2094.7654
38459,3629.346
38460,2621.9128
38461,4391.2925
38462,2687.607
38463,2845.8506
38464,3379.215
38465,2407.1807
38466,2867.7295
38467,2731.856
38468,4270.3105
38469,2840.0537
38470,1895.3586
38471,2210.1206
38472,1990.5397
38473,3069.1018
38474,3655.928
38475,2848.822
38476,2080.5818
38477,2673.7334
38478,4100.7427
38479,3081.6062
38480,1521.0671
38481,1531.1737
38482,3118.2173
38483,2345.3809
38484,2206.8276
38485,3029.8657
38486,3389.5315
38487,1866.3071
38488,1616.3987
38489,3746.8625
38490,1308.2212
38491,6217.936
38492,4989.804
38493,6003.0063
38494,2245.081
38495,2108.1536
38496,1966.9745
38497,2761.5403
38498,2695.2136
38499,761.914
38500,2201.9377
38501,2410.8704
38502,4637.0786
38503,1588.6045
38504,2059.0173
38505,3874.2234
38506,1913.5284
38507,6334.649
38508,5646.212
38509,4341.518
38510,4581.507
38511,3953.1672
38512,2300.8938
38513,1889.1646
38514,1266.59
38515,2468.4417
38516,3100.555
38517,1950.1223
38518,2287.5964
38519,3010.2627
38520,3383.783
38521,3413.426
38522,1915.2444
38523,2155.1387
38524,1522.3744
38525,2708.6033
38526,2867.0764
38527,2930.442
38528,1520.5248
38529,1276.852
38530,2500.6392
38531,2261.4648
38532,4163.845
38533,2772.5635
38534,4769.745
38535,4439.6875
38536,3294.382
38537,3640.309
38538,2314.996
38539,2003.1821
38540,2182.3972
38541,2363.476
38542,3497.3845
38543,3857.0398
38544,1889.5328
38545,2329.8848
38546,1421.9333
38547,3438.1892
38548,3052.1035
38549,3098.493
38550,4281.8193
38551,4301.574
38552,3340.515
38553,2497.5933
38554,2960.1423
38555,2407.566
38556,3681.307
38557,4021.966
38558,2431.535
38559,3713.203
38560,5887.7627
38561,2322.86
38562,2356.721
38563,7793.1675
38564,1627.548
38565,4314.285
38566,4434.9
38567,3293.744
38568,3799.1287
38569,2638.0593
38570,4317.5205
38571,2989.2307
38572,2108.5415
38573,3115.0369
38574,3242.9263
38575,2983.5159
38576,1615.5822
38577,2311.0535
38578,2177.0696
38579,3652.0806
38580,1944.1409
38581,4805.362
38582,3210.868
38583,2339.1873
38584,2058.3628
38585,1372.6245
38586,2017.928
38587,3116.8584
38588,3483.8518
38589,4515.1406
38590,2099.1758
38591,2788.7266
38592,2800.7234
38593,1803.1062
38594,2375.8306
38595,1369.043
38596,1892.4796
38597,5621.4087
38598,4621.7217
38599,1527.7712
38600,4535.494
38601,2955.4692
38602,2166.4133
38603,1613.5231
38604,3038.4548
38605,5426.536
38606,3161.8936
38607,2388.7822
38608,2092.0178
38609,2021.1943
38611,6700.8525
38612,2052.283
38613,3529.0693
38614,2578.5461
38615,5650.854
38616,1180.4858
38617,3148.031
38618,2653.8765
38619,3456.2
38620,3027.3157
38621,4213.784
38622,5956.8506
38623,2135.007
38624,1501.7992
38625,1745.0515
38626,6450.494
38627,4435.4473
38628,3935.0344
38629,1794.8678
38630,7071.224
38631,3494.02
38632,2222.0645
38633,3006.6528
38634,3657.7168
38635,4807.6724
38636,2046.369
38637,2101.1182
38638,4315.4917
38639,2315.0913
38640,3556.081
38641,2361.4507
38642,1981.9348
38643,4284.5156
38644,2607.6128
38645,5802.5996
38646,3862.2266
38647,4408.2295
38648,2811.813
38649,2639.4988
38650,2570.8433
38651,4235.097
38652,3866.787
38653,5574.817
38654,2152.9802
38655,1937.8595
38656,2188.9768
38657,2395.9336
38658,2098.8638
38659,1445.547
38660,2637.643
38661,1509.213
38662,2108.9119
38663,5055.089
38664,6042.3257
38665,2992.154
38666,3758.6516
38667,800.0548
38668,3846.3838
38669,2168.9485
38670,3338.9934
38671,3950.177
38672,1323.1403
38673,3704.5325
38674,2242.287
38675,1952.0703
38676,3811.427
38677,3689.312
38678,1191.3451
38679,2561.278
38680,6993.46
38681,3439.238
38682,1737.4982
38683,4529.758
38684,6173.8843
38685,4889.5522
38686,1875.1771
38687,2144.7195
38688,1671.8823
38689,4991.0166
38690,2839.7678
38691,1895.3274
38692,2490.2554
38693,2723.1729
38694,1565.7778
38695,1484.6016
38696,4683.0947
38697,1950.3691
38698,1268.1398
38699,2566.0261
38700,2096.5686
38701,1207.9161
38702,2629.4932
38703,3124.815
38704,3604.796
38705,3629.229
38706,3139.3838
38707,2124.0999
38708,4818.744
38709,4277.47
38710,1523.9083
38711,2004.4576
38712,5373.8345
38713,5765.2847
38714,4763.7646
38715,2414.784
38716,1904.2955
38717,3733.8318
38718,2023.9719
38719,3368.2922
38720,1964.224
38721,6543.2695
38722,3889.8433
38723,741.6037
38724,3255.8743
38725,3418.139
38726,2220.2773
38727,3187.2148
38728,4819.1006
38729,2454.923
38730,2108.3687
38731,1214.9247
38732,2586.1292
38733,3793.599
38734,2613.5
38735,2762.0667
38736,1833.7511
38737,2432.936
38738,3317.861
38739,1109.7781
38740,3306.0005
38741,1379.6808
38742,3147.1096
38743,1852.5046
38744,2392.0273
38745,1881.0038
38746,2832.5369
38747,3622.6853
38748,3423.4814
38749,1419.7675
38750,4694.587
38751,3880.5144
38752,2906.807
38753,5824.932
38754,3914.883
38755,3508.8928
38756,3578.9966
38757,1875.7328
38758,1574.7765
38759,3514.5574
38760,3004.2124
38761,2490.9705
38762,2636.46
38763,5276.259
38764,4894.2344
38765,1766.3042
38766,2661.7053
38767,1882.8044
38768,1392.453
38769,1369.1786
38770,1834.5575
38771,1369.2292
38772,2522.9443
38773,3521.161
38774,2385.3052
38775,3104.2341
38776,1818.7296
38777,7604.275
38778,3485.3135
38779,2911.7578
38780,2622.8691
38781,6196.9775
38782,1403.4384
38783,2811.021
38784,1849.4766
38785,5797.5615
38786,2518.0007
38787,1870.2787
38788,3287.222
38789,2230.3286
38790,4084.3408
38791,2511.536
38792,5419.69
38793,2312.249
38794,1869.1451
38795,1450.4268
38796,5716.688
38797,5356.9194
38798,2339.0923
38799,2736.527
38800,2580.393
38801,2257.1494
38802,4188.75
38803,1715.3596
38804,986.7893
38805,1728.3861
38806,2981.9116
38807,1544.0227
38808,4468.5
38809,2809.6677
38810,3118.4185
38811,1538.7454
38812,1681.2755
38813,2239.569
38814,2632.963
38815,2371.7854
38816,2267.7993
38817,2490.136
38818,5717.797
38819,3177.0798
38820,2674.0854
38821,2788.3965
38822,6316.6865
38823,2276.0212
38824,3804.6233
38825,1663.7246
38826,4349.4756
38827,1824.2455
38828,3131.6985
38829,3828.2234
38830,591.8803
38831,5135.1006
38832,5710.5986
38833,2704.0623
38834,2256.1824
38835,4653.6147
38836,1388.8802
38837,3100.7556
38838,1846.6859
38839,1983.735
38840,6386.551
38841,5522.6704
38842,2445.5762
38843,2025.7151
38844,3384.225
38845,2231.1182
38846,2719.4675
38847,5676.416
38848,1126.0383
38849,3335.9224
38850,3763.8618
38851,1141.706
38852,1350.2083
38853,4083.9604
38854,3065.1343
38855,1320.931
38856,1549.4791
38857,2801.2063
38858,2468.9885
38859,2570.2744
38860,1757.052
38861,1943.2964
38862,3241.4246
38863,5904.673
38864,3765.2864
38865,2983.1958
38866,699.85846
38867,1865.0237
38868,1784.3014
38869,2939.137
38870,2251.4646
38871,4108.304
38872,2885.5422
38873,3045.6606
38874,3050.5752
38875,3135.3892
38876,2438.8992
38877,5379.5576
38878,4046.478
38879,1190.1528
38880,5152.649
38881,3047.7341
38882,1537.7699
38883,2164.3013
38884,3941.4631
38885,3037.783
38886,1466.7864
38887,2575.2292
38888,3786.1558
38889,3344.9377
38890,2448.3843
38891,4681.3105
38892,1939.0444
38893,2603.6543
38894,1779.7292
38895,2262.8354
38896,4053.347
38897,2162.8484
38898,1667.4692
38899,3586.6206
38900,5125.924
38901,1624.7046
38902,2556.904
38903,2657.4744
38904,2432.3242
38905,2148.16
38906,2099.068
38907,3190.998
38908,3588.1274
38909,1897.4387
38910,2242.6516
38911,1989.4193
38912,3206.2795
38913,3153.8523
38914,1933.76
38915,1914.8235
38916,2423.297
38917,5483.6514
38918,2964.1533
38919,4181.62
38920,4630.213
38921,2651.5234
38922,1335.9379
38923,3747.2388
38924,2567.3594
38925,2074.8962
38926,2779.4612
38927,5166.4834
38928,4028.0977
38929,1971.8488
38930,4383.0195
38931,3869.506
38932,2313.7017
38933,2162.0193
38934,1731.7391
38935,1875.2959
38936,1492.5619
38937,2198.0896
38938,1436.2538
38939,1540.693
38940,4442.944
38941,5999.3784
38942,2709.905
38943,2075.298
38944,2299.574
38945,1681.9341
38946,3690.0205
38947,3353.8044
38948,2649.826
38949,4437.341
38950,1325.2023
38951,5639.7656
38952,1606.8646
38953,2434.2456
38954,4151.89
38955,1208.335
38956,2041.9326
38957,3086.8367
38958,2453.8027
38959,2283.2751
38960,4513.4487
38961,1965.0537
38962,2578.7644
38963,2879.0896
38964,3111.1921
38965,2252.7507
38966,3785.2888
38967,1952.5883
38968,1999.2297
38969,2228.8357
38970,4303.3584
38971,1563.7473
38972,3274.1619
38973,3985.839
38974,4845.5737
38975,4376.2993
38976,4650.827
38977,4164.9404
38978,1751.5674
38979,1539.7614
38980,1381.8271
38981,1302.7938
38982,3765.1167
38983,4761.3594
38984,3348.9443
38985,2280.2358
38986,1374.561
38987,5194.3135
38988,2705.6882
38989,3584.3647
38990,2865.6792
38991,1707.3723
38992,5029.0796
38993,1610.3726
38994,1472.807
38995,2282.5776
38996,1302.1163
38997,1772.1943
38998,3562.7673
38999,2602.4102
39000,2613.8452
39001,4620.118
39002,2376.862
39003,2334.8972
39004,2732.0396
39005,1940.6163
39006,3224.7158
39007,3439.29
39008,3988.2131
39009,3621.2063
39010,1202.9766
39011,3743.0042
39012,2446.965
39013,2971.7488
39014,3002.5942
39015,1910.24
39016,5195.3022
39017,3383.4836
39018,3473.7415
39019,3852.9216
39020,1837.9287
39021,5768.925
39022,2265.132
39023,1360.3822
39024,2987.7527
39025,4149.105
39026,1836.2235
39027,2083.3813
39028,1422.351
39029,2564.4602
39030,4446.17
39031,2657.9126
39032,4237.9897
39033,3885.4802
39034,1558.0155
39035,2088.2246
39036,2482.1538
39037,4300.0117
39038,3521.5803
39039,5464.578
39040,1856.6095
39041,1672.303
39042,4577.854
39043,4855.32
39044,1588.409
39045,3523.938
39046,3040.087
39047,4648.2573
39048,1803.2897
39049,3316.3474
39050,1649.3511
39051,2184.9536
39052,2503.9392
39053,2220.3892
39054,1892.086
39055,4561.6123
39056,3399.0671
39057,1749.8883
39058,1615.2507
39059,2148.859
39060,3859.5632
39061,9025.173
39062,5356.946
39063,6161.995
39064,2778.3872
39065,1599.1156
39066,5137.448
39067,2201.2744
39068,1623.235
39069,2870.968
39070,2554.247
39071,6074.897
39072,1578.9636
39073,1347.3024
39074,991.3497
39075,904.1863
39076,3407.3748
39077,2749.1772
39078,994.8942
39079,2681.1462
39080,1445.9116
39081,2086.115
39082,1754.969
39083,1879.7594
39084,2029.0758
39085,1933.9485
39086,4897.5415
39087,4113.721
39088,2903.5059
39089,2544.1357
39090,950.8878
39091,2997.0017
39092,2114.2595
39093,3234.7441
39094,2767.8643
39095,1453.7917
39096,4065.404
39097,3104.176
39098,2264.775
39099,1475.1129
39100,2408.0652
39101,5684.398
39102,4312.1553
39103,4043.3423
39104,1572.5148
39105,3418.9321
39106,2652.2937
39107,2805.9712
39108,4672.4746
39109,2221.7102
39110,5314.778
39111,2227.256
39112,2608.5286
39113,3384.2913
39114,1040.4335
39115,2016.5455
39116,3127.703
39117,2139.3792
39118,3461.6797
39119,1753.7617
39120,1913.3574
39121,1798.6349
39122,1551.1285
39123,2328.846
39124,1794.6259
39125,4955.4805
39126,4589.027
39127,1441.1968
39128,2232.5762
39129,2901.1028
39130,2694.833
39131,2079.984
39132,2137.541
39133,3300.7236
39134,11483.012
39135,2589.2268
39136,3084.5627
39137,2143.9348
39138,2680.453
39139,2627.6982
39140,2670.3865
39141,4426.761
39142,1833.5531
39143,3207.6985
39144,3501.7156
39145,1659.3345
39146,3236.3303
39147,6590.1235
39148,1808.1807
39149,3083.8171
39150,2713.1013
39151,2536.4563
39152,4267.4043
39153,3727.0764
39154,1636.296
39155,1101.6566
39156,5113.457
39157,4510.1763
39158,1244.9727
39159,2390.2156
39160,4238.1514
39161,3263.6033
39162,4606.2925
39163,2561.2156
39164,2578.9456
39165,4056.0117
39166,3887.2126
39167,2435.251
39168,1474.6472
39169,2037.0956
39170,4162.8203
39171,3413.4683
39172,4619.4155
39173,3733.9844
39174,3271.6216
39175,3421.1753
39176,3935.728
39177,5200.2495
39178,4666.4824
39179,1545.5184
39180,4499.794
39181,3169.396
39182,4583.416
39183,2152.2808
39184,2629.0293
39185,694.1853
39186,2160.5254
39187,2300.357
39188,3159.7468
39189,2394.7769
39190,2116.6848
39191,3142.1416
39192,1936.725
39193,3443.8828
39194,1858.814
39195,2431.891
39196,1890.4911
39197,2020.6401
39198,6035.738
39199,5052.2173
39200,2039.7611
39201,2308.0325
39202,4692.9067
39203,6659.8813
39204,2199.7803
39205,2688.4436
39206,4270.635
39207,2254.7834
39208,4441.4536
39209,3456.0825
39210,1714.3068
39211,2861.7034
39212,2084.8464
39213,3146.1477
39214,1787.6029
39215,1377.4185
39216,1082.4258
39217,2397.9517
39218,7257.3525
39219,1925.6953
39220,1531.0151
39221,4327.567
39222,4715.1714
39223,2700.8298
39224,2840.2388
39225,1629.7129
39226,6455.7896
39227,3591.8877
39228,1470.8038
39229,1259.0388
39230,5041.7373
39231,1687.7582
39232,5586.5483
39233,4188.1123
39234,4371.6445
39235,1799.5773
39236,1867.7264
39237,2520.3682
39238,1963.1187
39239,3758.0496
39240,3114.6775
39241,1419.7386
39242,2039.8252
39243,752.9281
39244,2440.3936
39245,2025.3676
39246,1922.1295
39247,1912.6176
39248,3234.9316
39249,5408.3115
39250,3559.5461
39251,2207.357
39252,2801.3494
39253,3229.1519
39254,5384.523
39255,1707.3732
39256,2543.9219
39257,3140.207
39258,3279.9675
39259,2195.304
39260,2113.3904
39261,3008.0647
39262,1595.0984
39263,2557.2937
39264,1194.8704
39265,2076.7646
39266,2894.8838
39267,4295.2476
39268,5391.9775
39269,4724.768
39270,3574.4297
39271,2795.599
39272,1689.0398
39273,2508.4316
39274,2561.673
39275,1946.5028
39276,3015.4714
39277,3360.3762
39278,2128.4644
39279,2427.5273
39280,2866.3445
39281,915.30365
39282,2560.104
39283,1633.8938
39284,3033.6458
39285,1853.8524
39286,1571.4768
39287,4606.0137
39288,3241.3792
39289,5477.074
39290,1645.1831
39291,4793.5444
39292,4633.846
39293,2760.017
39294,1947.215
39295,2563.3254
39296,931.75446
39297,5083.3184
39298,4088.2542
39299,5085.757
39300,2752.9016
39301,2870.7585
39302,5449.136
39303,2453.0144
39304,1343.0164
39305,1427.6135
39306,1282.4923
39307,2625.3948
39308,3249.0322
39309,4157.086
39310,1266.4318
39311,3204.956
39312,3402.263
39313,1923.0363
39314,1514.3317
39315,2904.5015
39316,1762.6935
39317,1011.98285
39318,1437.7126
39319,2455.8025
39320,3694.0037
39321,2751.938
39322,4326.5215
39323,2439.737
39324,3582.8167
39325,3460.5737
39326,2584.5642
39327,2437.1096
39328,1636.9237
39329,1290.7904
39330,3041.6665
39331,5084.1797
39332,3339.3533
39333,4719.442
39334,2415.128
39335,4607.9834
39336,3301.0833
39337,2695.3096
39338,2633.1096
39339,3155.0583
39340,2791.6907
39341,3205.9438
39342,1903.8684
39343,3670.884
39344,2425.539
39345,4464.1064
39346,3131.3535
39347,4904.7275
39348,1470.3136
39349,1518.6696
39350,1980.5022
39351,3532.6543
39352,1639.1886
39353,2294.1367
39354,4776.5283
39355,3217.4878
39356,4595.9727
39357,4872.2695
39358,1245.332
39359,6290.6533
39360,3716.1865
39361,4479.4917
39362,2782.5898
39363,2057.4119
39364,3121.2578
39365,2409.014
39366,3218.6265
39367,5172.1772
39368,2131.0786
39369,2023.2054
39370,2599.6145
39371,8088.4614
39372,1412.5873
39373,5490.897
39374,3048.6736
39375,2214.8667
39376,1997.6934
39377,2423.0735
39378,3445.93
39379,1566.3148
39380,5020.9434
39381,3602.237
39382,5236.656
39383,2159.7493
39384,2151.395
39385,2044.8322
39386,2194.8962
39387,2306.52
39388,3285.3767
39389,4041.9685
39390,2899.173
39391,4846.4727
39392,5973.0503
39393,4433.382
39394,3992.7576
39395,2214.675
39396,1743.5725
39397,2523.4683
39398,2979.374
39399,2581.2761
39400,1613.3815
39401,1861.5825
39402,5280.0757
39403,1635.9424
39404,3772.9116
39405,3144.311
39406,1800.2545
39407,2316.914
39408,3355.7402
39409,2211.5474
39410,2737.1455
39411,2102.1772
39412,2556.2395
39413,1717.1055
39414,3311.9675
39415,3576.7134
39416,2800.9597
39417,3543.7983
39418,3427.5093
39419,3049.7097
39420,2308.2869
39421,2270.963
39422,1851.9376
39423,2736.1353
39424,2359.377
39425,1817.248
39426,2482.358
39427,5004.7773
39428,4363.847
39429,3324.0867
39430,5834.6333
39431,1676.7488
39432,1995.9452
39433,1724.7126
39434,2282.1438
39435,2197.3376
39436,3452.5417
39437,1650.3671
39438,3453.7268
39439,4504.5337
39440,4071.5334
39441,1076.4436
39442,2440.3926
39443,3024.6409
39444,2284.817
39445,3659.8074
39446,2297.628
39447,2319.3167
39448,2203.7444
39449,3188.932
39450,3612.208
39451,2713.5378
39452,2499.3643
39453,4440.9243
39454,5068.8364
39455,1465.9766
39456,3028.3064
39457,2617.4243
39458,4365.784
39459,1611.4877
39460,1710.5698
39461,2037.1488
39462,2005.8014
39463,2178.7644
39464,3230.2583
39465,1605.5364
39466,2880.8838
39467,2387.589
39468,2679.516
39469,3703.4922
39470,1995.5695
39471,1578.2189
39472,2951.1384
39473,2690.7483
39474,2247.6216
39475,4553.075
39476,3212.5151
39477,2335.0322
39478,2516.5525
39479,2084.7947
39480,3131.218
39481,6209.9043
39482,2836.7046
39483,1550.8545
39484,2009.0846
39485,5530.7515
39486,2838.5845
39487,4114.9404
39488,2968.6284
39489,1518.5171
39490,1688.7677
39491,3064.2273
39492,2868.815
39493,2005.5342
39494,1877.4773
39495,3516.1167
39496,3660.434
39497,5348.334
39498,2796.335
39499,3115.4897
39500,1377.9778
39501,2536.5457
39502,3159.7488
39503,2499.4546
39504,1133.4208
39505,4925.534
39506,2936.0623
39507,1091.8572
39508,3163.581
39509,2539.2483
39510,3093.7173
39511,2516.52
39512,1962.6481
39513,2604.6392
39514,1444.2404
39515,1709.4695
39516,1315.5802
39517,4023.3574
39518,1426.2811
39519,2751.1997
39520,1957.1055
39521,2243.812
39522,3497.8047
39523,2603.051
39524,2339.5923
39525,5698.5757
39526,864.57935
39527,2547.4407
39528,4798.996
39529,3899.4448
39530,4316.1055
39531,3947.3755
39532,1819.6812
39533,5156.563
39534,5876.7817
39535,2603.2407
39536,2108.256
39537,6432.005
39538,1856.9686
39539,2501.754
39540,1440.7262
39541,4974.2305
39542,3294.2488
39543,2195.7146
39544,5362.8535
39545,5028.4326
39546,2950.3467
39547,3173.634
39548,2935.8381
39549,4087.0671
39550,1707.1974
39551,7040.898
39552,4064.5298
39553,1644.4791
39554,1973.7887
39555,4355.6753
39556,2772.1794
39557,4920.218
39558,2769.9902
39559,2252.0234
39560,5608.164
39561,2505.9968
39562,3328.9768
39563,2545.7205
39564,1364.3293
39565,4149.187
39566,4477.969
39567,2473.0212
39568,3297.2869
39569,3036.8035
39570,1975.7126
39571,5179.4497
39572,3941.4058
39573,1682.6682
39574,1666.9718
39575,4250.4854
39576,4689.9062
39577,5276.6025
39578,3154.6304
39579,4521.6665
39580,1188.7383
39581,5037.629
39582,1988.0691
39583,1661.8871
39584,3113.38
39585,3015.9695
39586,1524.723
39587,2137.655
39588,3172.7861
39589,1293.5717
39590,1210.9747
39591,2903.323
39592,2023.2152
39593,2648.2905
39594,3053.2307
39595,5228.8423
39596,2663.7834
39597,3342.9382
39598,4499.938
39599,1820.9701
39600,3232.9905
39601,3671.992
39602,4016.505
39603,4046.0679
39604,1553.7173
39605,2132.809
39606,2756.1292
39607,2016.4503
39608,1414.6951
39609,2138.4023
39610,2491.5176
39611,3086.4988
39612,3984.7693
39613,1250.7443
39614,3778.6016
39615,2636.636
39616,2159.3694
39617,3013.76
39618,4410.213
39619,2717.9634
39620,3031.7822
39621,4391.7344
39622,1659.4128
39623,3650.9707
39624,2456.5034
39625,1281.1243
39626,4431.842
39627,4861.0146
39628,4016.952
39629,2521.518
39630,2918.5837
39631,4169.696
39632,2435.5654
39633,1329.2626
39634,1341.3838
39635,3841.1545
39636,1520.9907
39637,1092.9866
39638,4355.784
39639,3264.8662
39640,2931.4043
39641,2491.89
39642,2698.0151
39643,1414.177
